GeneStart,GeneEnd,GeneLocation,Strand,Protein_ID,GeneID,Protein_ID.1,Protein.product,Locus,Length,pi.site,pis.site,pin.site,TajimaD,FuLiF,FuLiD,pi_site,FayWuH,neutindex,alpha,dos,MK_p,Dn,Ds,Pn,Ps,biofilm,Comella,Berka,Kobayashi,Molle,noberka,QS,PSORTB,Extracellular,PANNZER_OG,PANNZER_NEW,PANNZER_EX,PANNZER_ALL,CAZY,ANTISMASH,ANTISMASH_FILTERED,ka,ks,kaks,nonsyn_sites,syn_sites,PI_SITE,PIS_SITE,PIN_SITE,PERCENTwREADS,map_read_len_percent,ANTISMASH_NEW,PSORT.PANNZER.ANTISMASH,SOCIAL,ARTISAN,Ref,pyoverdine,"sel[, 50]/sel[, 49]"
70575,73055,70575 - 73055,+,WP_003243026.1,B4U62_RS00390,WP_003243026.1, stage II sporulation protein E,spoIIE,2480,23.1311828,20.62795699,2.503225806,-1.903857467,-3.414328965,-3.560238235,0.00932709,NA,1.022494888,-0.022494888,-0.00214676,1,3,25,20,163,0,0,0,0,1,1,1,CytoplasmicMembrane,0,0,0,0,0,0,0,0,0.009182818,0.354322448,0.025916558,1602.553745,877.4462555,0.009372612,0.023623821,0.001569647,100,0.99514311,0,0,0,0,0,No,0.0664434
224122,224976,224122 - 224976,-,WP_003246309.1,B4U62_RS01270,WP_003246309.1, hypothetical protein,ydaK,854,14.43010753,10.64516129,3.784946237,0.042405001,-1.018776596,-1.417575493,0.016897081,NA,NA,NA,NA,1,0,0,22,38,0,1,0,0,0,1,1,Unknown,0,0,0,0,0,0,1,0,0.033614178,0.191173977,0.175830299,524.696952,329.303048,0.017045762,0.032610783,0.007277059,100,0.991277542,0,0,1,0,0,No,0.223148858
225108,226289,225108 - 226289,+,WP_003246341.1,B4U62_RS01275,WP_003246341.1, DUF4885 domain-containing protein,ybdO,1181,19.34193548,11.2344086,8.107526882,-1.400037552,-2.913203329,-3.163429417,0.016377591,NA,0.405797101,0.594202899,0.218666667,0.589689961,2,1,56,69,0,1,0,0,0,1,1,Unknown,0,0,0,0,0,0,1,0,0.06862842,0.296517953,0.231447772,760.3653969,420.6346031,0.016497952,0.026904519,0.010741033,100,0.992704503,0,0,0,0,0,No,0.39922784
292249,292884,292249 - 292884,+,WP_003246250.1,B4U62_RS01620,WP_003246250.1, lipase LipA,lipA,635,9.776344086,7.539784946,2.23655914,-1.219027833,-2.04056924,-2.106578776,0.015395817,NA,0,1,0.728813559,0.283333333,1,0,16,43,0,1,0,1,0,1,1,Extracellular,1,0,0,0,0,0,0,0,0.035047905,0.306243118,0.114444711,410.951391,224.048609,0.015481788,0.033840368,0.005472784,100,0.994446968,0,1,1,0,0,No,0.161723537
292928,293308,292928 - 293308,-,WP_009966469.1,B4U62_RS01625,WP_009966469.1, RDD family protein,yczC,380,10.13763441,7.070967742,3.066666667,-0.044757847,-1.06435082,-1.42632058,0.026677985,NA,NA,NA,-0.30952381,0.166786782,0,7,13,29,0,1,0,1,0,1,1,CytoplasmicMembrane,0,0,0,0,0,0,0,0,0.056853358,0.455554105,0.124800451,237.1640512,142.8359488,0.02668471,0.049516598,0.012933831,100,0.999747984,0,0,0,0,0,No,0.261201931
293543,294616,293543 - 294616,+,WP_003246276.1,B4U62_RS01630,WP_003246276.1, SEC-C domain-containing protein,yccF,1073,10.00430108,8.361290323,1.643010753,-1.703877578,-2.923238545,-3.014406492,0.009323673,NA,3.339285714,-2.339285714,-0.149543379,0.446415627,1,11,17,56,0,0,0,1,0,1,1,Cytoplasmic,0,0,0,0,0,0,0,0,0.022428759,0.269096348,0.083348434,702.999996,370.000004,0.009402811,0.022789892,0.002356979,100,0.991583548,0,0,0,0,0,No,0.103422122
299485,300546,299485 - 300546,-,WP_003234750.1,B4U62_RS01660,WP_003234750.1, DUF4352 domain-containing protein,ycdA,1061,7.040860215,6.344086022,0.696774194,-2.044667372,-3.511302525,-3.607998684,0.006636061,NA,0.533333333,0.466666667,0.112299465,0.323744103,5,12,12,54,0,0,0,1,0,1,1,Unknown,0,0,0,0,0,0,0,0,0.021841338,0.300602549,0.072658525,650.8074778,410.1925222,0.006648143,0.015494277,0.00107258,100,0.998182645,0,0,0,0,0,No,0.069224269
300874,302289,300874 - 302289,+,WP_003246352.1,B4U62_RS01665,WP_003246352.1, DUF4901 domain-containing protein,ycdB,1415,22.49462366,11.10537634,11.38924731,-0.452401085,-1.386476077,-1.650440833,0.015897261,NA,8.056603774,-7.056603774,-0.410087719,0.031036312,1,7,61,53,0,0,0,1,0,1,1,Cytoplasmic,0,0,0,0,0,0,0,0,0.062137026,0.170945123,0.363491075,911.1381017,503.8618983,0.016024762,0.022217289,0.012600278,100,0.992043465,0,0,0,0,0,No,0.567138412
302479,303837,302479 - 303837,+,WP_010886397.1,B4U62_RS01675,WP_010886397.1, DUF4901 domain-containing protein,ycdC,1358,18.0688172,10.27956989,7.789247312,-0.880675937,-2.082790541,-2.341203929,0.013305462,NA,0,1,0.572916667,0.189985272,2,0,41,55,0,0,0,1,0,1,1,Cytoplasmic,0,0,0,0,0,0,0,0,0.04460417,0.187281371,0.238166614,877.4845992,480.5154008,0.013539881,0.021769704,0.009033185,100,0.982686748,0,0,0,0,0,No,0.414942941
344594,345502,344594 - 345502,+,WP_003246421.1,B4U62_RS01885,WP_003246421.1, proline dehydrogenase PutB,putB,908,4.077419355,3.135483871,0.941935484,-2.171168099,-3.813902193,-3.934894338,0.00449055,NA,0.535714286,0.464285714,0.144444444,0.448572254,4,5,12,28,0,0,0,0,1,1,1,Cytoplasmic,0,0,0,0,0,0,0,0,0.021892419,0.14879347,0.147132929,593.1273378,314.8726622,0.00450665,0.009993644,0.001593777,100,0.996427561,0,0,0,0,0,No,0.159479065
370302,371732,370302 - 371732,+,WP_003246242.1,B4U62_RS01995,WP_003246242.1, 6-phospho-beta-glucosidase,bglC,1430,13.04946237,8.576344086,4.47311828,-2.173008878,-3.770942144,-3.886323649,0.009125498,NA,1.887096774,-0.887096774,-0.091666667,0.523860665,2,13,27,93,0,0,0,1,0,1,1,Cytoplasmic,0,0,0,0,0,1,1,0,0.027344957,0.371271297,0.073652224,937.4548544,492.5451456,0.009148548,0.017456281,0.004783608,100,0.997480542,0,0,0,0,0,No,0.274033627
377010,387770,377010 - 387770,+,WP_010886402.1,B4U62_RS02030,WP_010886402.1, surfactin non-ribosomal peptide synthetase SrfAA,srfAA,10760,146.8688172,111.0709677,35.79784946,-1.269618892,-2.209945606,-2.310161851,0.013649518,NA,1.267498424,-0.267498424,-0.045983152,0.270260613,34,107,263,653,0,1,0,0,0,1,1,Unknown,0,0,0,0,1,0,1,1,0.03881651,0.319460556,0.121506423,6886.677557,3873.322443,0.01380834,0.029009555,0.005258615,100,0.988498103,1,1,1,1,0,Yes,0.181271826
387786,398534,387786 - 398534,+,WP_010886403.1,B4U62_RS02035,WP_010886403.1, surfactin non-ribosomal peptide synthetase SrfAB,srfAB,10748,142.8043011,105.3290323,37.47526882,-1.132945619,-2.173421872,-2.334841844,0.013286593,NA,1.503900156,-0.503900156,-0.07324263,0.159102899,17,68,241,641,0,1,0,0,0,1,1,Cytoplasmic,0,0,0,0,1,0,1,1,0.033936133,0.285567842,0.118837376,7015.101531,3732.898469,0.013530689,0.028734801,0.005440228,100,0.981959845,1,1,1,1,0,Yes,0.189325411
398574,402398,398574 - 402398,+,WP_003234570.1,B4U62_RS02040,WP_003234570.1, surfactin non-ribosomal peptide synthetase SrfAC,srfAC,3824,58.70967742,41.26021505,17.44946237,-1.033408835,-2.228445263,-2.459047548,0.015352949,NA,0.978146611,0.021853389,0.004673174,1,15,34,104,241,0,1,0,0,0,1,1,Cytoplasmic,0,0,0,0,1,0,1,1,0.044016389,0.338825992,0.129908536,2482.533137,1341.466863,0.015424699,0.030901277,0.007061743,100,0.995348368,1,1,1,1,0,Yes,0.228525928
402430,403155,402430 - 403155,+,WP_003234568.1,B4U62_RS02045,WP_003234568.1, surfactin biosynthesis thioesterase SrfAD,srfAD,725,6.193548387,4.352688172,1.840860215,-2.080059804,-3.655656408,-3.777984358,0.008542825,NA,2.615384615,-1.615384615,-0.160714286,0.662138015,1,6,17,39,0,1,0,0,0,1,1,Cytoplasmic,0,0,0,0,0,0,1,1,0.031492554,0.279492991,0.112677436,472.6273408,252.3726592,0.00855987,0.017281479,0.003902722,100,0.998008761,0,1,1,1,0,Yes,0.225832639
403259,404482,403259 - 404482,+,WP_003246562.1,B4U62_RS02050,WP_003246562.1, MFS transporter,srfT,1223,18.38709677,14.70967742,3.677419355,-0.829345031,-1.342257413,-1.394823094,0.015034421,NA,0.328947368,0.671052632,0.252475248,0.27190177,2,2,25,76,0,1,0,0,0,1,1,CytoplasmicMembrane,0,0,0,0,0,0,0,0,0.031494818,0.267434782,0.117766348,797.1382015,425.8617985,0.015292942,0.035134906,0.004692604,100,0.983095403,0,0,0,1,0,Yes,0.1335596
428872,430017,428872 - 430017,+,WP_003246686.1,B4U62_RS02175,WP_003246686.1, response regulator aspartate phosphatase RapC,rapC,1145,9.303225806,8.15483871,1.148387097,-1.703074786,-3.267790969,-3.466149445,0.008125088,NA,1.06779661,-0.06779661,-0.007352941,1,1,7,9,59,0,1,0,0,0,1,1,Cytoplasmic,0,0,0,0,0,0,0,0,0.011390345,0.261945659,0.043483616,733.999998,411.000002,0.008173968,0.019960821,0.001573972,100,0.994020045,0,0,0,0,0,No,0.078853069
430004,430123,430004 - 430123,+,WP_003224994.1,B4U62_RS02180,WP_003224994.1, phosphatase RapC inhibitor PhrC,phrC,119,0.387096774,0.258064516,0.129032258,-2.101122017,-3.44423074,-3.472908015,0.003252914,NA,NA,NA,NA,1,0,0,2,4,0,1,0,0,0,1,1,Unknown,0,0,0,0,0,0,0,0,0.023246925,0.133595261,0.1740101,78,41,0.003319958,0.006423983,0.001688354,90.32258065,0.979805926,0,0,0,0,0,No,0.262820434
478984,480069,478984 - 480069,+,WP_003246551.1,B4U62_RS02445,WP_003246551.1, lipoprotein,epsJ,1085,11.31612903,6.610752688,4.705376344,-1.586540967,-3.00377702,-3.181493737,0.010429612,NA,0.918518519,0.081481481,0.019909502,1,10,16,31,54,0,1,0,0,0,1,1,Unknown,0,0,0,0,0,1,0,0,0.053265152,0.279121787,0.190831222,702.3881965,382.6118035,0.010498057,0.01739135,0.006743074,96.77419355,0.993480257,0,0,1,1,0,Yes,0.387725737
480053,480901,480053 - 480901,+,WP_003246541.1,B4U62_RS02450,WP_003246541.1, cyclic-di-GMP receptor EpsK,epsK,848,9.604301075,6.352688172,3.251612903,-1.42647679,-2.022790523,-1.976645232,0.011325827,NA,2.933333333,-1.933333333,-0.185501066,0.211807058,2,12,22,45,0,1,0,0,0,1,1,CytoplasmicMembrane,0,0,0,0,0,0,0,0,0.03878122,0.286391509,0.135413302,544.5209386,303.4790614,0.01132627,0.02093369,0.005971745,96.77419355,0.999960877,0,0,1,1,0,Yes,0.285269582
480915,482621,480915 - 482621,+,WP_010886408.1,B4U62_RS02455,WP_010886408.1, DUF2334 domain-containing protein,ydaL,1706,24.13763441,16.00430108,8.133333333,-1.335583889,-2.528167109,-2.691518207,0.014148672,NA,0.6740638,0.3259362,0.093550955,0.320064234,14,18,54,103,0,1,0,0,0,1,1,CytoplasmicMembrane,0,0,0,0,0,0,0,0,0.056073004,0.336699225,0.166537371,1107.813149,598.1868505,0.014298626,0.027038245,0.007419603,96.77419355,0.98951267,0,0,0,0,0,No,0.274411412
571430,572818,571430 - 572818,+,WP_003234223.1,B4U62_RS03005,WP_003234223.1, PLP-dependent aminotransferase family protein,ydeL,1388,18.40430108,12.75698925,5.647311828,-1.006302945,-2.169148514,-2.389577505,0.013259583,NA,0.601265823,0.398734177,0.11965812,0.479778772,4,5,38,79,0,1,0,0,0,1,1,Cytoplasmic,0,0,0,0,0,0,0,0,0.040688584,0.274444048,0.148258214,897.9322053,490.0677947,0.013320704,0.026151063,0.006318232,100,0.995411571,0,0,0,0,0,No,0.241605169
715475,716467,715475 - 716467,+,WP_003233927.1,B4U62_RS03765,WP_003233927.1, DUF3048 domain-containing protein,yerB,992,7.651612903,4.120430108,3.531182796,-1.95749701,-3.524917257,-3.671100738,0.007713319,NA,0.702702703,0.297297297,0.087301587,0.690481127,3,3,26,37,0,0,0,0,1,1,1,Unknown,0,0,0,0,0,0,0,0,0.041859953,0.161590835,0.259049056,643.6382045,348.3617955,0.007803036,0.011965595,0.005550098,100,0.988502397,0,0,0,0,0,No,0.463838029
747597,749603,747597 - 749603,-,WP_003242909.1,B4U62_RS03890,WP_003242909.1, ribonuclease YeeF family protein,yeeF,2006,13.27311828,9.969892473,3.303225806,-0.690730052,-0.921261551,-0.91310824,0.006616709,NA,NA,NA,-0.307692308,1,0,1,20,45,0,0,0,1,0,1,1,Unknown,0,0,0,0,0,0,0,0,0.014150476,0.093066449,0.152047014,1259.420108,746.5798923,0.008577343,0.01731111,0.003399996,100,0.771417103,0,0,0,0,0,No,0.19640543
761702,762982,761702 - 762982,+,WP_003243860.1,B4U62_RS03975,WP_003243860.1, ABC transporter substrate-binding protein,yesO,1280,21.67311828,16.83010753,4.843010753,-1.13076477,-2.033212906,-2.146752653,0.016932124,NA,1.882352941,-0.882352941,-0.079365079,1,1,8,24,102,0,1,0,0,0,1,1,Unknown,0,0,0,0,0,0,0,0,0.026616973,0.459992005,0.057863991,830.1865318,449.8134682,0.017060277,0.037698935,0.005877795,100,0.992488194,0,0,0,0,0,No,0.155914086
785586,785945,785586 - 785945,-,WP_003233803.1,B4U62_RS04070,WP_003233803.1, VOC family protein,yetH,359,3.862365591,2.47311828,1.389247312,-2.03080565,-3.434606357,-3.510002259,0.010758679,NA,NA,NA,NA,1,0,0,12,23,0,0,0,1,0,1,1,CytoplasmicMembrane,0,0,0,0,0,0,0,0,0.045011495,0.322562041,0.139543682,219.5172548,139.4827452,0.010841534,0.017867188,0.006377386,100,0.992357594,0,0,0,0,0,No,0.356932831
828032,829291,828032 - 829291,+,WP_003244025.1,B4U62_RS04275,WP_003244025.1, pectate lyase,pelA,1259,10.64516129,9.002150538,1.643010753,-2.058872811,-3.43352834,-3.501049709,0.008455251,NA,1.428571429,-0.428571429,-0.04040404,1,2,16,15,84,0,1,0,1,0,1,1,Extracellular,1,0,1,1,0,1,0,0,0.017610119,0.374387892,0.047037095,825.499995,433.500005,0.008541643,0.020978385,0.002010658,100,0.989885835,0,1,1,0,0,No,0.09584427
855156,859541,855156 - 859541,-,WP_010886443.1,B4U62_RS04410,WP_010886443.1," multifunctional 2',3'-cyclic-nucleotide 2'-phosphodiesterase/3'-nucleotidase/5'-nucleotidase",yfkN,4385,92.92903226,70.35698925,22.57204301,-1.105166335,-1.149537575,-0.996298452,0.021192482,NA,1.274870466,-0.274870466,-0.043496085,0.601031144,10,37,133,386,0,0,0,1,0,1,1,Cellwall,0,0,1,1,0,0,0,0,0.044943259,0.492523435,0.091251005,2728.617949,1656.382051,0.021346708,0.042785422,0.008332536,100,0.99277519,0,0,0,0,0,No,0.194751754
885885,886211,885885 - 886211,-,WP_010886445.1,B4U62_RS04550,WP_010886445.1, YnfA family protein,yfjF,326,2.911827957,2.679569892,0.232258065,-0.751123504,-1.513928001,-1.640779174,0.008931988,NA,NA,NA,NA,1,0,0,2,20,0,0,0,1,0,1,1,CytoplasmicMembrane,0,0,0,0,0,0,0,0,0.009456547,0.250268194,0.037785651,203.0690078,122.9309922,0.008960015,0.021865747,0.001147329,100,0.996871945,0,0,0,0,0,No,0.052471521
886264,886803,886264 - 886803,-,WP_003244119.1,B4U62_RS04555,WP_014479185.1, YfjD family protein,yfjE,539,8.71827957,5.591397849,3.12688172,-0.118319529,-0.540333447,-0.703610663,0.016174916,NA,NA,NA,NA,1,0,0,15,21,0,0,0,1,0,1,1,CytoplasmicMembrane,0,0,0,0,0,0,0,0,0.036655906,0.219715639,0.166833393,347.499999,191.500001,0.017752648,0.032045918,0.009875924,96.77419355,0.911126948,0,0,0,0,0,No,0.308180405
887405,888169,887405 - 888169,-,WP_003243767.1,B4U62_RS04565,WP_003243767.1, hypothetical protein,yfjC,764,19.15268817,14.3827957,4.769892473,0.292186254,0.113618578,-0.065260188,0.025068964,NA,NA,NA,NA,1,0,0,17,55,0,0,0,1,0,1,1,Cytoplasmic,0,0,0,0,0,0,0,0,0.032342978,0.3709822,0.087182021,459.6613435,304.3386565,0.027952505,0.052695138,0.011570575,93.5483871,0.8968414,0,0,0,0,0,No,0.21957576
888184,889404,888184 - 889404,-,WP_003243998.1,B4U62_RS04570,WP_003243998.1, hypothetical protein,yfjB,1220,17.9655914,15.29032258,2.675268817,-0.86591575,-1.98959169,-2.226343102,0.014725895,NA,NA,NA,-0.163043478,0.590433919,0,7,15,77,0,0,0,1,0,1,1,Unknown,0,0,0,0,0,0,0,0,0.017311349,0.307251405,0.056342618,759.9785385,460.0214615,0.015522386,0.035036068,0.003710589,100,0.948687539,0,0,0,0,0,No,0.105907689
889413,889724,889413 - 889724,-,WP_003243177.1,B4U62_RS04575,WP_003243177.1, WXG100 family type VII secretion target,yfjA,311,2.868817204,1.470967742,1.397849462,-1.366295916,-2.532781166,-2.661652045,0.009224493,NA,0.583333333,0.416666667,0.131578947,1,2,2,7,12,0,0,0,1,0,1,1,Cytoplasmic,0,0,0,0,0,0,0,0,0.038058947,0.171463778,0.221964938,193.4015693,117.5984307,0.009254821,0.012549521,0.007251468,96.77419355,0.99672299,0,0,0,0,0,No,0.577828269
1031433,1032029,1031433 - 1032029,+,WP_003233335.1,B4U62_RS05365,WP_003233335.1, 1-acylglycerol-3-phosphate O-acyltransferase,plsC,596,1.410752688,1.28172043,0.129032258,-1.980355952,-3.106330095,-3.102480113,0.002367035,NA,NA,NA,NA,1,0,0,1,19,0,1,0,0,0,1,1,Cytoplasmic,0,0,0,0,0,0,0,0,0.000580152,0.141379674,0.004103506,388.6273408,207.3726592,0.002434575,0.006357118,0.000341494,100,0.972258065,0,0,0,0,0,No,0.053718367
1066114,1069002,1066114 - 1069002,+,WP_003233256.1,B4U62_RS05550,WP_003233256.1, DNA repair/recombination ATPase SbcE,sbcE,2888,24.09462366,15.2,8.894623656,-1.373595173,-1.885071247,-1.824417646,0.008343014,NA,1.291666667,-0.291666667,-0.056321839,1,3,7,62,112,0,1,0,0,0,1,1,Cytoplasmic,0,0,0,0,0,0,0,0,0.03210962,0.180049531,0.178337703,1851.107188,1036.892812,0.008478054,0.014896456,0.004882804,100,0.984071742,0,0,0,0,0,No,0.32778293
1092811,1093785,1092811 - 1093785,-,WP_003233200.1,B4U62_RS05690,WP_003233200.1, beta-ketoacyl-ACP synthase III FabHB,fabHB,974,13.89677419,10.8,3.096774194,-1.972605874,-3.420911599,-3.530652982,0.014267735,NA,NA,NA,NA,1,0,0,31,83,0,1,0,0,0,1,1,Cytoplasmic,0,0,0,0,0,0,0,0,0.042676938,0.457842952,0.09321305,602.2553426,371.7446574,0.014317794,0.02915413,0.005160003,100,0.996503726,0,0,0,0,0,No,0.176990464
1104464,1105606,1104464 - 1105606,-,WP_003233171.1,B4U62_RS05755,WP_003233171.1, subtilisin AprE,aprE,1142,11.36344086,9.832258065,1.531182796,-0.956696303,-2.064730785,-2.273803721,0.009950474,NA,0.5,0.5,0.119047619,0.257442336,8,20,10,50,0,0,0,1,0,1,1,Extracellular,1,0,1,0,0,0,0,0,0.022338628,0.270584291,0.082557004,696.6640419,445.3359581,0.009976309,0.022135617,0.002203585,100,0.997410348,0,1,1,0,0,No,0.099549292
1139845,1143540,1139845 - 1143540,+,WP_003233100.1,B4U62_RS05920,WP_003233100.1, helicase-exonuclease AddAB subunit AddA,addA,3695,39.1655914,29.72903226,9.43655914,-1.758365532,-3.47176099,-3.714751358,0.010599619,NA,1.00154321,-0.00154321,-0.000242287,1,8,33,59,243,0,1,0,0,0,1,1,Cytoplasmic,0,0,0,0,0,0,0,0,0.024110862,0.353763014,0.068155407,2366.859072,1328.140928,0.010706998,0.022610704,0.004027344,100,0.989971132,0,0,0,0,0,No,0.178116701
1157275,1159116,1157275 - 1159116,+,WP_003233080.1,B4U62_RS06000,WP_003233080.1, asparagine synthase (glutamine-hydrolyzing),asnB,1841,20.57634409,19.09247312,1.483870968,-1.287621488,-2.347249196,-2.477714695,0.011176721,NA,2.276422764,-1.276422764,-0.054570733,0.694736302,1,20,14,123,0,1,0,0,0,1,1,Cytoplasmic,0,0,0,0,0,0,1,0,0.010754903,0.397352229,0.027066421,1200.249995,640.750005,0.011298207,0.030120952,0.00124974,100,0.989247313,0,0,0,0,0,No,0.04149072
1182489,1183070,1182489 - 1183070,-,WP_003244950.1,B4U62_RS06125,WP_003244950.1, sporulation delaying protein family toxin,yitM,581,2.649462366,2.460215054,0.189247312,-2.1657051,-3.431110623,-3.435929472,0.004560176,NA,NA,NA,NA,1,0,0,2,25,0,0,0,1,0,1,1,Unknown,0,0,0,0,0,0,0,0,0.004696641,0.226333739,0.020750956,370,211,0.004568245,0.011680419,0.000512384,96.77419355,0.99823362,0,0,0,0,0,No,0.04386692
1183070,1183996,1183070 - 1183996,-,WP_003233028.1,B4U62_RS06130,WP_003233028.1, membrane protein,yitO,926,7.969892473,6.640860215,1.329032258,-1.719396656,-3.026338413,-3.1400054,0.008606795,NA,NA,NA,NA,1,0,0,12,46,0,0,0,1,0,1,1,CytoplasmicMembrane,0,0,0,0,0,0,0,0,0.01747973,0.213257939,0.081965203,577.1349431,348.8650569,0.008680533,0.019198699,0.002322539,96.77419355,0.991505377,0,0,0,0,0,No,0.12097377
1183984,1184517,1183984 - 1184517,-,WP_003245405.1,B4U62_RS06135,WP_003245405.1, SdpA family antimicrobial peptide system protein,yitP,533,3.298924731,2.395698925,0.903225806,-1.89113431,-3.745773868,-3.981515728,0.006189352,NA,NA,NA,NA,1,0,0,10,18,0,0,0,1,0,1,1,CytoplasmicMembrane,0,0,0,0,0,0,0,0,0.02578474,0.137972372,0.186883354,319.4614756,213.5385244,0.006208622,0.011253976,0.002836141,96.77419355,0.99689634,0,0,0,0,0,No,0.252012355
1186075,1187688,1186075 - 1187688,+,WP_009966979.1,B4U62_RS06155,WP_009966979.1, neutral protease NprB,nprB,1613,17.95268817,10.42580645,7.52688172,-1.949583079,-3.567358069,-3.7367503,0.011129999,NA,NA,NA,NA,1,0,0,46,100,0,0,0,1,0,1,1,Extracellular,1,0,1,1,0,0,0,0,0.039808997,0.268429223,0.148303513,1057.499994,555.500006,0.011182789,0.018857348,0.007151378,96.77419355,0.995279323,0,1,1,0,0,No,0.379235617
1209215,1210453,1209215 - 1210453,+,WP_003244890.1,B4U62_RS06285,WP_003244890.1, beta-ketoacyl-ACP synthase II,fabF,1238,9.544086022,8.911827957,0.632258065,-2.255511833,-3.109138481,-2.972124486,0.007709278,NA,0.376470588,0.623529412,0.113978495,0.220743415,4,16,8,85,0,1,0,0,0,1,1,CytoplasmicMembrane,0,0,0,0,0,0,0,0,0.010840162,0.386951707,0.028014249,820.2655443,417.7344557,0.007726939,0.021382587,0.000772563,100,0.997714406,0,0,0,0,0,No,0.036130474
1247821,1248594,1247821 - 1248594,+,WP_003232896.1,B4U62_RS06485,WP_003232896.1, enoyl-ACP reductase FabI,fabI,773,9.148387097,8.894623656,0.253763441,-1.153960371,-2.184704072,-2.327991647,0.011834912,NA,NA,NA,-0.056603774,1,0,9,3,50,0,1,0,0,0,1,1,CytoplasmicMembrane,0,0,0,0,0,0,0,0,0.005497853,0.364756123,0.015072682,509.499998,263.500002,0.011923022,0.034006995,0.000501772,100,0.992610119,0,0,0,0,0,No,0.014754964
1259639,1260808,1259639 - 1260808,+,WP_003244787.1,B4U62_RS06570,WP_003244787.1, cystathionine beta-lyase,metC,1169,17.19139785,15.19139785,2,-0.574702587,-1.28906648,-1.45687837,0.014706072,NA,NA,NA,-0.133333333,1,0,5,12,78,0,0,0,1,0,1,1,Cytoplasmic,0,0,0,0,0,0,0,0,0.014018804,0.3057065,0.045857069,756.499996,412.500004,0.014763318,0.036970988,0.002654045,100,0.996122429,0,0,0,0,0,No,0.071787235
1289330,1289968,1289330 - 1289968,+,WP_003244850.1,B4U62_RS06750,WP_003244850.1, DUF4352 domain-containing protein,yjhA,638,4.524731183,4.098924731,0.425806452,0.965130649,1.253642347,1.1021089,0.007092055,NA,NA,NA,-0.142857143,1,0,1,2,12,0,0,0,1,0,1,1,Unknown,0,0,0,0,0,0,0,0,0.00355749,0.099536177,0.035740673,410.999998,227.000002,0.008119419,0.020672687,0.001186105,96.77419355,0.873468327,0,0,0,0,0,No,0.057375464
1290050,1290673,1290050 - 1290673,+,WP_010886490.1,B4U62_RS06755,WP_010886490.1, NUDIX hydrolase,yjhB,623,9.875268817,7.255913978,2.619354839,0.042345637,-0.33447962,-0.5174382,0.015851154,NA,NA,NA,NA,1,0,0,15,26,0,0,0,1,0,1,1,Cytoplasmic,0,0,0,0,0,0,0,0,0.034104249,0.162093902,0.210398098,401.9999955,221.0000045,0.01646707,0.034107924,0.006768988,96.77419355,0.962597106,0,0,0,0,0,No,0.19845793
1290710,1290985,1290710 - 1290985,-,WP_003232791.1,B4U62_RS06760,WP_003232791.1, hypothetical protein,yjiA,275,2.240860215,1.415053763,0.825806452,-1.021238444,-0.904899923,-0.729362068,0.008148583,NA,NA,NA,NA,1,0,0,7,9,0,0,0,1,0,1,1,CytoplasmicMembrane,0,0,0,0,0,0,0,0,0.03619385,0.133303476,0.271514671,164.1773,110.8227,0.00823908,0.012910435,0.00508583,90.32258065,0.989016071,0,0,0,0,0,No,0.39393173
1291376,1292563,1291376 - 1292563,+,WP_003232789.1,B4U62_RS06765,WP_003232789.1, monooxygenase YjiB,yjiB,1187,19.33333333,12.99354839,6.339784946,-1.134761886,-2.599544385,-2.889079804,0.01628756,NA,0.355263158,0.644736842,0.25,0.222698094,4,3,36,76,0,0,0,1,0,1,1,CytoplasmicMembrane,0,0,0,0,0,0,0,0,0.048462601,0.29343143,0.165158179,766.8389776,420.1610224,0.016318499,0.030983907,0.008283131,100,0.998104058,0,0,0,0,0,No,0.267336556
1294170,1294979,1294170 - 1294979,+,WP_003245334.1,B4U62_RS06780,WP_003245334.1, uroporphyrinogen-III synthase,yjjA,809,6.356989247,3.91827957,2.438709677,-0.650972587,-0.70450845,-0.648621973,0.007857836,NA,1.053763441,-0.053763441,-0.011111111,1,3,7,14,31,0,0,0,1,0,1,1,Cytoplasmic,0,0,0,0,0,0,0,0,0.030769244,0.167166962,0.184062949,518.6134752,290.3865248,0.00801883,0.01376978,0.004798708,100,0.979923026,0,0,0,0,0,No,0.348495619
1315899,1317032,1315899 - 1317032,+,WP_010886491.1,B4U62_RS06880,WP_010886491.1, response regulator aspartate phosphatase RapA,rapA,1133,7.2,5.995698925,1.204301075,-1.65963913,-2.755576149,-2.815368053,0.00635481,NA,NA,NA,-0.169811321,1,0,5,9,44,0,1,0,0,0,1,1,Cytoplasmic,0,0,0,0,0,0,0,0,0.010092588,0.193567338,0.052139931,732.999998,400.000002,0.006383243,0.015056312,0.001650327,100,0.995545719,0,0,0,0,0,No,0.109610308
1317025,1317156,1317025 - 1317156,+,WP_003245487.1,B4U62_RS06885,WP_003245487.1, phosphatase RapA inhibitor PhrA,phrA,131,0.193548387,0.064516129,0.129032258,-1.730745577,-2.715382013,-2.710536479,0.001477469,NA,NA,NA,NA,1,0,0,3,2,0,1,0,0,0,1,1,CytoplasmicMembrane,0,0,0,0,0,0,0,0,0.032112835,0.07356685,0.436512298,90,41,0.001481362,0.001577711,0.00143747,96.77419355,0.997371565,0,0,0,0,0,No,0.911111097
1470057,1471874,1470057 - 1471874,+,WP_003245779.1,B4U62_RS07725,WP_003245779.1, sporulation kinase KinA,kinA,1817,13.50537634,12.33548387,1.169892473,-1.685431007,-3.295002797,-3.514310334,0.007432788,NA,0.592592593,0.407407407,0.057894737,0.434344674,3,16,10,90,0,0,0,0,1,1,1,CytoplasmicMembrane,0,0,0,1,0,0,0,0,0.008919128,0.246947843,0.036117456,1173.999999,643.000001,0.007490241,0.019332555,0.001004204,100,0.992329629,0,0,0,0,0,No,0.051943677
1485149,1485343,1485149 - 1485343,+,WP_010886502.1,B4U62_RS07800,WP_010886502.1, AbrB antirepressor AbbA,abbA,194,0.589247312,0.589247312,0,-1.047345074,-1.919626073,-2.002799537,0.003037357,NA,NA,NA,NA,1,0,0,0,4,0,0,0,0,1,1,1,Unknown,0,0,0,0,0,0,0,0,0,0.085975008,0,120.5,73.5,0.003069361,0.008101443,0,96.77419355,0.989573148,0,0,0,0,0,No,0
1485484,1485924,1485484 - 1485924,+,WP_003218674.1,B4U62_RS07805,WP_003218674.1, CBS domain-containing protein,ykuL,440,3.621505376,3.492473118,0.129032258,-2.300472902,-3.968550036,-4.070835146,0.008230694,NA,NA,NA,-0.051282051,1,0,3,2,37,0,0,0,0,1,1,1,Cytoplasmic,0,0,0,0,0,0,0,0,0.005221785,0.442369126,0.011804135,288.249999,151.750001,0.008230694,0.02301465,0.00044764,100,1,0,0,0,0,0,No,0.01945022
1540070,1541632,1540070 - 1541632,-,WP_003245026.1,B4U62_RS08100,WP_003245026.1, neutral metalloprotease NprE,nprE,1562,10.18494624,8.597849462,1.587096774,-2.373460001,-4.367452472,-4.565270578,0.006520452,NA,4.5,-3.5,-0.147368421,0.193402605,1,18,22,88,0,0,0,1,0,1,1,Extracellular,1,0,1,1,0,0,0,0,0.019484347,0.308000304,0.063260805,951.8424177,610.1575823,0.006552441,0.014160325,0.001675575,100,0.995118032,0,1,1,0,0,No,0.118328852
1544970,1545578,1544970 - 1545578,-,WP_003232282.1,B4U62_RS08125,WP_003232282.1, hypothetical protein,ylaE,608,4.240860215,1.944086022,2.296774194,-2.228885122,-3.674396522,-3.724170922,0.006975099,NA,0.958333333,0.041666667,0.010638298,1,2,2,23,24,0,0,0,1,0,1,1,Unknown,0,0,0,0,0,0,0,0,0.055836443,0.192538575,0.290001329,371.7673026,236.2326974,0.007015777,0.008277532,0.006214018,100,0.994201981,0,0,0,0,0,No,0.750709028
1599314,1603612,1599314 - 1603612,+,WP_003245629.1,B4U62_RS08405,WP_003245629.1, bacillopeptidase F,bpr,4298,57.21290323,37.29032258,19.92258065,-1.016285659,-2.122538697,-2.328246054,0.013311518,NA,1.126847291,-0.126847291,-0.02645095,0.866373032,14,30,122,232,0,0,0,1,0,1,1,Extracellular,1,0,0,0,0,0,0,0,0.044426065,0.277148003,0.160297257,2845.290081,1452.709919,0.013404593,0.025848972,0.007050909,100,0.99305649,0,1,1,0,0,No,0.272773285
1603810,1604736,1603810 - 1604736,+,WP_003232163.1,B4U62_RS08410,WP_003232163.1, sigma-E processing peptidase SpoIIGA,spoIIGA,926,6.653763441,4.959139785,1.694623656,-2.374130633,-4.010899896,-4.093641991,0.00718549,NA,1.960784314,-0.960784314,-0.115023474,0.501835753,2,10,20,51,0,0,0,0,1,1,1,CytoplasmicMembrane,0,0,0,0,0,0,0,0,0.034533472,0.306831917,0.112548499,592.999994,333.000006,0.007257231,0.015041,0.002886245,100,0.990114461,0,0,0,0,0,No,0.191891829
1604802,1605518,1604802 - 1605518,+,WP_003221446.1,B4U62_RS08415,WP_003221446.1, RNA polymerase sporulation sigma factor SigE,sigE,716,4.430107527,4.430107527,0,-2.450006243,-4.636224367,-4.870400165,0.006187301,NA,NA,NA,0,1,0,13,0,52,0,0,0,0,1,1,1,Cytoplasmic,0,0,0,0,0,0,0,0,0,0.493809474,0,457.499998,258.500002,0.006201193,0.017176224,0,100,0.997759858,0,0,0,0,0,No,0
1661998,1662561,1661998 - 1662561,+,WP_003232044.1,B4U62_RS08695,WP_003232044.1, transcription factor FapR,fapR,563,2.924731183,2.666666667,0.258064516,-2.193132361,-4.110871813,-4.306619985,0.005194904,NA,NA,NA,-0.103448276,1,0,5,3,26,0,1,0,0,0,1,1,Cytoplasmic,0,0,0,0,0,0,0,0,0.008486767,0.228588859,0.037126773,356.499999,206.500001,0.005210616,0.012952696,0.000726073,100,0.996984694,0,0,0,0,0,No,0.056055743
1662578,1663576,1662578 - 1663576,+,WP_003232041.1,B4U62_RS08700,WP_003232041.1, phosphate acyltransferase PlsX,plsX,998,7.651612903,7.135483871,0.516129032,-1.729448486,-2.965360212,-3.054713448,0.007666947,NA,0.666666667,0.333333333,0.057142857,0.563137371,1,4,8,48,0,1,0,0,0,1,1,Cytoplasmic,0,0,0,0,0,0,0,0,0.011054504,0.242641178,0.045559061,655.1273398,342.8726602,0.007736184,0.020998822,0.000794945,100,0.991050158,0,0,0,0,0,No,0.037856647
1663598,1664548,1663598 - 1664548,+,WP_003245314.1,B4U62_RS08705,WP_003245314.1, ACP S-malonyltransferase,fabD,950,9.260215054,7.556989247,1.703225806,-1.743109274,-3.226948388,-3.39200977,0.009747595,NA,0.764705882,0.235294118,0.050505051,0.756185971,5,13,15,51,0,1,0,0,0,1,1,Cytoplasmic,0,0,0,0,0,0,0,0,0.028261519,0.322165898,0.087723498,622,328,0.009769397,0.023091134,0.00274443,100,0.997768313,0,0,0,0,0,No,0.11885211
1664544,1665281,1664544 - 1665281,+,WP_003232035.1,B4U62_RS08710,WP_003232035.1, 3-oxoacyl-[acyl-carrier-protein] reductase,fabG,737,9.604301075,9.28172043,0.322580645,-1.02620997,-2.340409188,-2.597261328,0.013031616,NA,0.208333333,0.791666667,0.238993711,0.292929293,1,2,5,48,0,1,0,0,0,1,1,Cytoplasmic,0,0,0,0,0,0,0,0,0.010633117,0.328604625,0.032358391,493.999998,243.000002,0.013163995,0.038584391,0.000659631,100,0.989943842,0,0,0,0,0,No,0.017095799
1762655,1763233,1762655 - 1763233,+,WP_003244753.1,B4U62_RS09210,WP_003244753.1, CDP-diacylglycerol--glycerol-3-phosphate 3-phosphatidyltransferase,pgsA,578,5.780645161,5.651612903,0.129032258,-1.162780913,-2.900958662,-3.251445917,0.010001116,NA,0.2,0.8,0.1875,0.085605099,4,12,2,30,0,0,0,1,0,1,1,CytoplasmicMembrane,0,0,0,0,0,0,0,0,0.014964004,0.308934793,0.048437419,378.1382045,199.8617955,0.01016736,0.02874765,0.000346903,100,0.983649265,0,0,0,0,0,No,0.012067178
1785165,1786136,1785165 - 1786136,+,WP_003231814.1,B4U62_RS09310,WP_003231814.1, acyltransferase domain-containing protein,pksD,971,5.053763441,1.664516129,3.389247312,-0.559728493,0.50105223,0.86931668,0.0052047,NA,0.9375,0.0625,0.014492754,1,2,1,15,8,0,0,0,1,0,1,1,CytoplasmicMembrane,0,0,0,0,0,0,1,0,0.023682605,0.047633335,0.49718554,626.4567617,344.5432383,0.005246789,0.004870149,0.005453937,90.32258065,0.991978021,0,0,0,0,0,No,1.119870665
1786136,1788436,1786136 - 1788436,+,WP_003231811.1,B4U62_RS09315,WP_003231811.1, ACP S-malonyltransferase,pksE,2300,17.20860215,11.47526882,5.733333333,-0.169982816,0.801863956,1.0770615,0.007482001,NA,NA,NA,NA,1,0,0,23,49,0,0,0,1,0,1,1,Cytoplasmic,0,0,0,0,0,0,1,0,0.012959288,0.08285563,0.156408054,1488.638203,811.3617965,0.007531736,0.014237235,0.003876996,90.32258065,0.993396582,0,0,0,0,0,No,0.272313831
1788727,1789971,1788727 - 1789971,+,WP_003245287.1,B4U62_RS09325,WP_003245287.1, polyketide biosynthesis malonyl-ACP decarboxylase PksF,pksF,1244,5.737634409,4.984946237,0.752688172,0.318484951,0.029646082,-0.172216618,0.004612246,NA,0.416666667,0.583333333,0.142857143,0.400656255,4,10,3,18,0,0,0,1,0,1,1,Cytoplasmic,0,0,0,0,0,0,1,0,0.007611565,0.081828341,0.093018685,798.5,445.5,0.004624554,0.011219413,0.000945143,90.32258065,0.9973386,0,0,0,0,0,No,0.084241751
1789975,1791234,1789975 - 1791234,+,WP_003231805.1,B4U62_RS09330,WP_003231805.1, polyketide biosynthesis 3-hydroxy-3-methylglutaryl-ACP synthase PksG,pksG,1259,4.748387097,3.853763441,0.894623656,-0.738942228,-0.194411363,0.056308841,0.003771554,NA,2.631578947,-1.631578947,-0.117424242,0.417659293,2,20,5,19,0,0,0,1,0,1,1,Cytoplasmic,0,0,0,0,0,0,1,0,0.00745998,0.134977321,0.055268393,811.999998,447.000002,0.003816886,0.008725017,0.001114996,90.32258065,0.988123514,0,0,0,0,0,No,0.127792989
1791225,1792001,1791225 - 1792001,+,WP_010886512.1,B4U62_RS09335,WP_010886512.1, enoyl-CoA hydratase/isomerase,pksH,776,3.019354839,1.587096774,1.432258065,-1.12893946,-0.206898114,0.225634449,0.003890921,NA,NA,NA,NA,1,0,0,10,8,0,0,0,1,0,1,1,Cytoplasmic,0,0,0,0,0,0,1,0,0.017714642,0.035331117,0.501389241,500,276,0.003916746,0.005788517,0.002883528,90.32258065,0.993406589,0,0,0,0,0,No,0.498146244
1792044,1792790,1792044 - 1792790,+,WP_003231800.1,B4U62_RS09340,WP_003231800.1, enoyl-CoA hydratase/isomerase family protein,pksI,746,9.578494624,6.980645161,2.597849462,0.45481382,1.42180895,1.563832953,0.012839805,NA,0.461538462,0.538461538,0.164705882,0.587482219,2,3,8,26,0,0,0,1,0,1,1,Cytoplasmic,0,0,0,0,0,0,1,0,0.019061038,0.152386477,0.125083524,479.249999,266.750001,0.01290618,0.026304522,0.005448678,90.32258065,0.994857143,0,0,0,0,0,No,0.207138453
1792838,1807966,1792838 - 1807966,+,WP_003245563.1,B4U62_RS09345,WP_003245563.1, polyketide synthase PksJ,pksJ,15128,146.5462366,81.09677419,65.44946237,0.398130006,1.054288803,1.113933448,0.009687086,NA,2.221407176,-1.221407176,-0.179757996,4.63E-06,57,158,230,287,0,0,0,1,0,1,1,Unknown,0,0,0,0,0,0,1,0,0.02675342,0.11969109,0.223520563,9805.464714,5322.535286,0.00976538,0.01535964,0.006728743,90.32258065,0.991982457,1,0,0,0,0,No,0.438079473
1807953,1821566,1807953 - 1821566,+,WP_010886513.1,B4U62_RS09350,WP_010886513.1, polyketide synthase PksL,pksL,13613,130.5978495,76.63655914,53.96129032,0.427106682,1.027425966,1.062990204,0.009593613,NA,2.828571429,-1.828571429,-0.218390805,0.03534427,5,19,198,266,0,0,0,1,0,1,1,CytoplasmicMembrane,0,0,0,0,0,0,1,0,0.020832812,0.085973151,0.242317655,8712.198686,4900.801314,0.010007688,0.016312499,0.006461095,90.32258065,0.958624234,0,0,0,0,0,No,0.396082476
1821585,1834370,1821585 - 1834370,+,WP_003245093.1,B4U62_RS09355,WP_003245093.1, polyketide synthase PksM,pksM,12785,127.7462366,72.71397849,55.03225806,0.36011171,0.59447942,0.526728756,0.009991884,NA,2.020298507,-1.020298507,-0.154548743,0.00561495,25,72,188,268,0,0,0,1,0,1,1,CytoplasmicMembrane,0,0,0,0,0,0,1,0,0.023165688,0.10980664,0.210968012,8206.279307,4578.720693,0.010407329,0.016541148,0.006984944,90.32258065,0.960081534,0,0,0,0,0,No,0.422276858
1834441,1850904,1834441 - 1850904,+,WP_010886514.1,B4U62_RS09360,WP_010886514.1, amino acid adenylation domain-containing protein,pksN,16463,130.5591398,78.79139785,51.76774194,-0.153159752,0.360813383,0.491652729,0.007930459,NA,1.889067524,-0.889067524,-0.142853042,0.000412319,54,141,225,311,0,0,0,1,0,1,1,Unknown,0,0,0,0,0,0,1,0,0.023735164,0.11433401,0.207594958,10678.26501,5784.734995,0.007988099,0.013719568,0.00488319,90.32258065,0.992784271,1,0,0,0,0,No,0.355928846
1850922,1858550,1850922 - 1858550,+,WP_003245624.1,B4U62_RS09365,WP_003245624.1, polyketide synthase dehydratase domain-containing protein,pksR,7628,57.62150538,29.22150538,28.4,-0.247970255,0.390031142,0.580097001,0.007553947,NA,2.887529412,-1.887529412,-0.239219896,0.000516398,17,52,118,125,0,0,0,1,0,1,1,CytoplasmicMembrane,0,0,0,0,1,0,1,0,0.023927592,0.09797771,0.244214646,4945.473229,2682.526771,0.007604335,0.010965939,0.005780931,90.32258065,0.993373764,0,1,0,0,0,No,0.527171545
1905841,1906236,1905841 - 1906236,+,WP_009967329.1,B4U62_RS09640,WP_009967329.1, hypothetical protein,yndA,395,1.406451613,1.161290323,0.24516129,-1.72316968,-2.032187921,-1.845571083,0.003560637,NA,NA,NA,NA,1,0,0,2,10,0,0,0,1,0,1,1,CytoplasmicMembrane,0,0,0,0,0,0,0,0,0.006098582,0.093529728,0.065204748,257.5,137.5,0.003574673,0.008479041,0.000955836,96.77419355,0.99607352,0,0,0,0,0,No,0.112729258
1922049,1922492,1922049 - 1922492,+,WP_003231591.1,B4U62_RS09740,WP_003231591.1, sporulation inhibitor of replication protein SirA,sirA,443,1.569892473,1.247311828,0.322580645,-2.306720416,-3.650976504,-3.649216017,0.003543775,NA,NA,NA,-0.263157895,0.539243365,0,4,5,14,0,0,0,0,1,1,1,CytoplasmicMembrane,0,0,0,0,0,0,0,0,0.014505702,0.255644734,0.056741643,289.999999,153.000001,0.003552749,0.008173008,0.001115164,100,0.9974742,0,0,0,0,0,No,0.136444746
1925690,1926079,1925690 - 1926079,-,WP_010886520.1,B4U62_RS09775,WP_010886520.1, outer spore coat protein CotM,cotM,389,3.479569892,1.677419355,1.802150538,-1.652360203,-2.787269508,-2.854641321,0.00894491,NA,NA,NA,-0.423076923,0.505291005,0,2,11,15,0,0,0,1,0,1,1,Cytoplasmic,0,0,0,0,0,0,0,0,0.037743147,0.245150092,0.153959344,229.0274083,159.9725917,0.009007012,0.010558466,0.007923341,100,0.993105148,0,0,0,0,0,No,0.750425393
1931247,1931543,1931247 - 1931543,+,WP_003231564.1,B4U62_RS09820,WP_003231564.1, hypothetical protein,yneQ,296,6.283870968,4.529032258,1.75483871,-1.026928435,-1.845267911,-1.945393303,0.021229294,NA,NA,NA,-0.264705882,0.317759055,0,5,9,25,0,0,0,1,0,1,1,Cytoplasmic,0,0,0,0,0,0,0,0,0.046463989,0.737382876,0.063012026,188.7499985,107.2500015,0.021314092,0.042397416,0.009334295,100,0.996021506,0,0,0,0,0,No,0.220161884
1942224,1942484,1942224 - 1942484,+,WP_003231535.1,B4U62_RS09865,WP_003231535.1, YnfE family protein,ynfE,260,3.440860215,2.812903226,0.627956989,0.797808853,0.661960472,0.427695087,0.013234078,NA,NA,NA,NA,1,0,0,2,8,0,0,0,1,0,1,1,Cytoplasmic,0,0,0,0,0,0,0,0,0.012172035,0.1768509,0.06882654,171.499999,88.500001,0.013575795,0.032604917,0.003756102,93.5483871,0.974828935,0,0,0,0,0,No,0.115200477
1942749,1944014,1942749 - 1944014,-,WP_003231534.1,B4U62_RS09870,WP_003231534.1," glucuronoarabinoxylan endo-1,4-beta-xylanase XynC",xynC,1265,14.69247312,12.70967742,1.982795699,-1.523606727,-2.209379729,-2.171929715,0.011614603,NA,NA,NA,NA,1,0,0,19,79,0,0,0,1,0,1,1,Extracellular,1,0,1,0,0,1,1,0,0.022184323,0.30297759,0.073221001,780.6268019,484.3731981,0.011641829,0.02630094,0.002545959,100,0.997661355,0,1,1,0,0,No,0.096801065
1944148,1945686,1944148 - 1945686,-,WP_003245027.1,B4U62_RS09875,WP_003245027.1, alpha-L-arabinofuranosidase,xynD,1538,25.01075269,18.77849462,6.232258065,-0.149347809,-0.124977531,-0.150408456,0.016261868,NA,NA,NA,NA,1,0,0,28,76,0,0,0,1,0,1,1,CytoplasmicMembrane,0,0,1,0,0,1,1,0,0.025106128,0.213525199,0.117579229,964.1664355,573.8335645,0.01641158,0.03302591,0.006523391,96.77419355,0.990877647,0,0,1,0,0,No,0.197523429
2004709,2006469,2004709 - 2006469,+,WP_003231470.1,B4U62_RS10015,WP_003231470.1, gamma-glutamyltransferase,ggt,1760,18.3483871,16.02580645,2.322580645,-1.733033798,-3.090177265,-3.221933852,0.01042522,NA,2.666666667,-1.666666667,-0.070028011,0.472886274,1,20,16,120,0,0,0,1,0,1,1,Extracellular,1,0,1,0,0,0,1,1,0.013668,0.356897127,0.03829675,1158.999995,601.000005,0.010535227,0.026946607,0.002025098,100,0.989558187,0,1,0,0,0,No,0.075152245
2032962,2033657,2032962 - 2033657,-,WP_003231419.1,B4U62_RS10130,WP_003231419.1, expansin ExlX,exlX,695,4.455913978,3.333333333,1.122580645,-2.15539786,-3.396416551,-3.398599177,0.006411387,NA,0.153846154,0.846153846,0.431372549,0.161425577,2,1,12,39,0,0,0,1,0,1,1,Unknown,0,0,1,1,0,1,0,0,0.024600022,0.325260162,0.075631832,438.7843563,256.2156437,0.006515422,0.01322098,0.002599902,100,0.98403249,0,0,0,0,0,No,0.196649719
2034777,2035811,2034777 - 2035811,+,WP_009967389.1,B4U62_RS10140,WP_009967389.1, polysaccharide lyase family 1 protein,pelB,1034,4.47311828,2.937634409,1.535483871,-1.719687819,-2.191594992,-2.0476262,0.004326033,NA,0.345679012,0.654320988,0.258536585,0.342908356,3,2,14,27,0,0,0,1,0,1,1,Extracellular,1,0,1,1,0,1,0,0,0.023107892,0.117833692,0.19610598,672.999998,361.000002,0.004424343,0.008322417,0.0023334,100,0.977779852,0,1,1,0,0,No,0.28037528
2054634,2055272,2054634 - 2055272,-,WP_003231377.1,B4U62_RS10250,WP_003231377.1," endo-1,4-beta-xylanase XynA",xynA,638,11.12688172,9.668817204,1.458064516,0.214421617,-0.90676759,-1.352808682,0.017440253,NA,NA,NA,NA,1,0,0,10,30,0,0,0,1,0,1,1,Extracellular,1,0,0,0,0,1,0,0,0.016318817,0.197142328,0.082776829,389.9300999,248.0699001,0.017546846,0.039214399,0.003762151,96.77419355,0.993925233,0,1,1,0,0,No,0.095938
2338844,2339212,2338844 - 2339212,-,WP_003246080.1,B4U62_RS12105,WP_003246080.1, YppE family protein,yppE,368,6.627956989,3.664516129,2.96344086,-1.238139285,-2.386208632,-2.54531321,0.018010753,NA,NA,NA,-0.41025641,1,0,1,16,23,0,0,0,0,1,1,1,Cytoplasmic,0,0,0,0,0,0,0,0,0.06122773,0.372643569,0.164306419,232.7049,135.2951,0.018035776,0.027122989,0.012752452,100,0.998612555,0,0,0,0,0,No,0.470171337
2339261,2339503,2339261 - 2339503,-,WP_004398488.1,B4U62_RS12110,WP_004398488.1, YppD family protein,yppD,242,3.458064516,2.32688172,1.131182796,-1.664093277,-3.18199851,-3.361012104,0.014289523,NA,0.444444444,0.555555556,0.2,0.627805145,3,2,10,15,0,0,0,0,1,1,1,Cytoplasmic,0,0,0,0,0,0,0,0,0.073075279,0.289701324,0.25224351,148.0048,93.9952,0.014289523,0.024755325,0.007642879,100,1,0,0,0,0,0,No,0.308736767
2443456,2444220,2443456 - 2444220,-,WP_003230458.1,B4U62_RS12715,WP_003230458.1, RNA polymerase sporulation sigma factor SigF,sigF,764,4.670967742,4.541935484,0.129032258,-2.194006691,-3.987230198,-4.151204902,0.006113832,NA,NA,NA,-0.043478261,1,0,4,2,44,0,0,0,0,1,1,1,Cytoplasmic,0,0,0,0,0,0,0,0,0.003548407,0.315024643,0.011263905,457.6971,306.3029,0.006122061,0.014848206,0.000282296,100,0.998655913,0,0,0,0,0,No,0.019012128
2444235,2444672,2444235 - 2444672,-,WP_003230452.1,B4U62_RS12720,WP_003230452.1, anti-sigma F factor,spoIIAB,437,2.670967742,2.296774194,0.374193548,-2.264514618,-3.573864947,-3.572604364,0.006112054,NA,NA,NA,-0.142857143,0.555080214,0,8,4,24,0,0,0,0,1,1,1,Cytoplasmic,0,0,0,0,0,0,0,0,0.011753441,0.351176486,0.033468758,267.6476,169.3524,0.006191308,0.013737957,0.001416212,100,0.987199181,0,0,0,0,0,No,0.103087526
2444672,2445022,2444672 - 2445022,-,WP_004398633.1,B4U62_RS12725,WP_004398633.1, anti-sigma F factor antagonist,spoIIAA,350,2.529032258,2.283870968,0.24516129,-1.379042863,-2.040301118,-2.018919878,0.007225806,NA,NA,NA,-0.117647059,1,0,2,2,15,0,0,0,0,1,1,1,CytoplasmicMembrane,0,0,0,0,0,0,0,0,0.007854503,0.186562288,0.042101236,218,132,0.00723966,0.017335226,0.001126749,100,0.998086384,0,0,0,0,0,No,0.064997653
2525813,2526700,2525813 - 2526700,-,WP_003230262.1,B4U62_RS13140,WP_003230262.1, polyprenyl synthetase family protein,ispA,887,7.776344086,7.268817204,0.507526882,-2.039996031,-3.808562303,-4.000862712,0.008767017,NA,1.278688525,-0.278688525,-0.018123667,1,1,13,6,61,0,0,0,1,0,1,1,Cytoplasmic,0,0,0,0,0,0,0,0,0.011575168,0.408562659,0.028331438,529.3189,357.6811,0.008806553,0.020413705,0.000963154,100,0.995510661,0,0,0,0,0,No,0.047181734
2553105,2553887,2553105 - 2553887,-,WP_004398632.1,B4U62_RS13310,WP_004398632.1, biofilm matrix protein TasA,tasA,782,7.561290323,5.784946237,1.776344086,-1.512847538,-2.76428991,-2.901835876,0.009669169,NA,0.666666667,0.333333333,0.068181818,0.688743143,3,9,10,45,1,1,0,0,0,1,1,Unknown,0,0,1,1,1,0,0,0,0.021836354,0.317051516,0.068873204,472.4674,309.5326,0.009709816,0.018767861,0.003775523,100,0.995813839,0,1,1,1,0,Yes,0.201169595
2553954,2554523,2553954 - 2554523,-,WP_003246088.1,B4U62_RS13315,WP_003246088.1, signal peptidase I,sipW,569,7.03655914,5.690322581,1.346236559,-1.329886314,-2.989551887,-3.287685855,0.012366536,NA,NA,NA,-0.177777778,0.33308869,0,8,8,37,1,1,0,0,0,1,1,CytoplasmicMembrane,0,0,0,0,0,0,0,0,0.021119406,0.349685508,0.060395429,347.6395,221.3605,0.012503801,0.025991465,0.003915491,100,0.989022126,0,0,1,1,0,Yes,0.15064526
2554510,2555268,2554510 - 2555268,-,WP_004399106.1,B4U62_RS13320,WP_004399106.1, amyloid fiber anchoring/assembly protein TapA,tapA,758,8.335483871,4,4.335483871,-1.663234828,-2.393303902,-2.339889679,0.010996681,NA,0,1,0.484375,0.494172494,2,0,33,31,1,1,0,0,0,1,1,Unknown,0,1,1,1,1,0,0,0,0.062347909,0.243501525,0.256047303,462.131,295.869,0.011095792,0.013641346,0.009466058,100,0.991067648,0,1,1,1,0,Yes,0.693924045
2660351,2660482,2660351 - 2660482,+,WP_004398770.1,B4U62_RS13945,WP_004398770.1, phosphatase RapE inhibitor PhrE,phrE,131,1.548387097,0.782795699,0.765591398,-0.68370739,-0.676268284,-0.594810637,0.011819749,NA,NA,NA,NA,NA,NA,NA,NA,NA,0,1,0,0,0,1,1,CytoplasmicMembrane,0,0,0,0,0,0,0,0,0,0,NA,87,44,0.012132752,0.018261937,0.009032935,83.87096774,0.974201786,0,0,0,0,0,No,0.494631813
2749678,2750490,2749678 - 2750490,+,WP_003229849.1,B4U62_RS14535,WP_003229849.1, alpha/beta hydrolase,yraK,812,12.20215054,5.52688172,6.675268817,-0.23231467,-0.62530537,-0.760335941,0.015027279,NA,NA,NA,NA,1,0,0,27,25,0,0,0,1,0,1,1,Cytoplasmic,0,0,0,0,0,0,0,0,0.045026808,0.151078667,0.298035511,526.0861,285.9139,0.015426813,0.019844528,0.013025902,96.77419355,0.974101307,0,0,0,0,0,No,0.656397673
2750904,2751257,2750904 - 2751257,-,WP_004398671.1,B4U62_RS14540,WP_004398671.1, SH3 domain-containing protein,yraJ,353,3.410752688,3.165591398,0.24516129,-1.222065511,-2.192803328,-2.293884475,0.009662189,NA,NA,NA,NA,1,0,0,2,19,0,0,0,1,0,1,1,Extracellular,1,0,0,0,0,0,0,0,0.00766085,0.318293113,0.024068539,213.8296,139.1704,0.009756934,0.022969198,0.001157769,96.77419355,0.99028945,0,1,0,0,0,No,0.050405286
2751313,2751669,2751313 - 2751669,-,WP_004399021.1,B4U62_RS14545,WP_004399021.1, SH3 domain-containing protein,yraI,356,4.627956989,3.591397849,1.03655914,-0.921650018,-1.828567105,-1.972184758,0.012999879,NA,NA,NA,NA,1,0,0,10,15,0,0,0,1,0,1,1,Unknown,0,0,0,0,0,0,0,0,0.035859359,0.174607172,0.205371625,221.6754,134.3246,0.013061559,0.026863566,0.004698208,96.77419355,0.995277777,0,0,0,0,0,No,0.17489145
2752188,2752571,2752188 - 2752571,-,WP_004398984.1,B4U62_RS14550,WP_004398984.1, VOC family protein,yraH,383,3.974193548,3.187096774,0.787096774,1.04689212,0.829236491,0.522908004,0.010376484,NA,NA,NA,NA,1,0,0,4,8,0,0,0,1,0,1,1,Cytoplasmic,0,0,0,0,0,0,0,0,0.012850906,0.126661616,0.101458566,232.6864,150.3136,0.010411738,0.021275019,0.003394143,93.5483871,0.996614097,0,0,0,0,0,No,0.159536544
2754838,2755134,2754838 - 2755134,+,WP_003246006.1,B4U62_RS14575,WP_003246006.1, spore coat protein,yraD,296,2.331182796,2.077419355,0.253763441,-1.268560766,-1.396300845,-1.24254511,0.007875618,NA,NA,NA,NA,1,0,0,3,12,0,0,0,1,0,1,1,Cytoplasmic,0,0,0,0,0,0,0,0,0.012901997,0.198212285,0.065091812,198,98,0.008329722,0.022420432,0.001355532,93.5483871,0.945483871,0,0,0,0,0,No,0.060459674
2938350,2939849,2938350 - 2939849,-,WP_004398747.1,B4U62_RS15490,WP_004398747.1, alpha-L-arabinofuranosidase AbfA,abfA,1499,17.20860215,15.44516129,1.76344086,-1.337718822,-2.440580372,-2.57343832,0.011480055,NA,NA,NA,-0.095238095,0.59914197,0,13,10,95,0,1,0,0,0,1,1,Cytoplasmic,0,0,0,0,0,1,0,0,0.008765648,0.340324751,0.025756716,927.3437,571.6563,0.011592012,0.027281755,0.001920149,100,0.990341897,0,0,0,0,0,No,0.070382166
2987751,2988725,2987751 - 2988725,-,WP_003229417.1,B4U62_RS15725,WP_003229417.1, acetyl-CoA carboxylase carboxyl transferase subunit alpha,accA,974,7.913978495,7.720430108,0.193548387,-1.499850605,-3.040624885,-3.27043553,0.008125235,NA,0.1,0.9,0.318396226,0.025417425,3,5,3,50,0,0,0,0,1,1,1,Cytoplasmic,0,0,0,0,0,0,0,0,0.008013963,0.242483505,0.03304952,606.459,367.541,0.00816374,0.021105176,0.000320657,100,0.995283329,0,0,0,0,0,No,0.015193287
2988713,2989582,2988713 - 2989582,-,WP_003223544.1,B4U62_RS15730,WP_003223544.1," acetyl-CoA carboxylase, carboxyltransferase subunit beta",accD,869,6.438709677,5.264516129,1.174193548,-2.014882282,-3.532280177,-3.649982961,0.007409332,NA,NA,NA,-0.245283019,0.328764769,0,7,13,40,0,0,0,0,1,1,1,Cytoplasmic,0,0,0,0,0,0,0,0,0.016852412,0.282577914,0.059638108,522.459,346.541,0.007450905,0.015276849,0.002260047,100,0.994420429,0,0,0,0,0,No,0.147939343
3032437,3033057,3032437 - 3033057,-,WP_003229313.1,B4U62_RS15955,WP_003229313.1, transcriptional regulator RefZ,refZ,620,3.68172043,2.679569892,1.002150538,-1.831018165,-3.283035022,-3.41128561,0.005938259,NA,NA,NA,-0.266666667,1,0,1,8,22,0,0,0,0,1,1,1,Cytoplasmic,0,0,0,0,0,0,0,0,0.019345363,0.139141393,0.139033849,369.9024,250.0976,0.005970978,0.010773131,0.002724157,100,0.994520265,0,0,0,0,0,No,0.252865857
3105489,3105821,3105489 - 3105821,-,WP_003246114.1,B4U62_RS16300,WP_003246114.1, DUF4257 domain-containing protein,ytvB,332,0.507526882,0.507526882,0,-1.874138108,-2.131934074,-1.911367991,0.001528695,NA,NA,NA,NA,1,0,0,0,6,0,0,0,1,0,1,1,CytoplasmicMembrane,0,0,0,0,0,0,0,0,0,0.091015032,0,212,120,0.001543813,0.004271217,0,100,0.990207374,0,0,0,0,0,No,0
3187519,3188061,3187519 - 3188061,+,WP_003243556.1,B4U62_RS16805,WP_003243556.1, biofilm-surface layer protein BslA,bslA,542,5.28172043,4.830107527,0.451612903,-1.566416818,-3.479648187,-3.803801026,0.009744872,NA,0.466666667,0.533333333,0.144144144,0.589219569,2,4,7,30,1,1,0,1,0,1,1,Unknown,0,0,1,1,0,0,0,0,0.019746803,0.286527604,0.068917628,349,193,0.00977722,0.025109539,0.001298315,100,0.996691481,0,0,1,1,0,Yes,0.051706047
3208299,3210284,3208299 - 3210284,-,WP_003243846.1,B4U62_RS16900,WP_003243846.1, methyl-accepting chemotaxis protein TlpA,tlpA,1985,18.09462366,13.86236559,4.232258065,-0.711483043,-1.244155778,-1.327204016,0.009115679,NA,1.089869281,-0.089869281,-0.015905147,1,9,29,23,68,0,1,0,0,0,1,1,CytoplasmicMembrane,0,0,0,1,0,0,0,0,0.021136201,0.222246375,0.095102568,1213.995,771.005,0.009395287,0.018531099,0.003593158,100,0.970239542,0,0,0,0,0,No,0.193898808
3257110,3257247,3257110 - 3257247,-,WP_003220708.1,B4U62_RS17155,WP_003220708.1, degradation enzyme regulation protein DegQ,degQ,137,0.258064516,0.193548387,0.064516129,-1.889229478,-3.015647034,-3.021844036,0.001883683,NA,NA,NA,NA,1,0,0,1,3,0,1,0,0,0,1,1,Unknown,0,0,0,0,1,0,0,0,0.007994756,0.065520833,0.122018532,84,53,0.001883683,0.003651856,0.000768049,96.77419355,1,0,1,1,0,0,No,0.210317439
3265424,3266152,3265424 - 3266152,-,WP_003244421.1,B4U62_RS17215,WP_003244421.1, (S)-benzoin forming benzil reductase,bznD,728,7.316129032,4.464516129,2.851612903,-1.744856051,-3.399257026,-3.614443172,0.010049628,NA,1.428571429,-0.428571429,-0.072580645,0.743049601,3,9,20,42,0,0,0,1,0,1,1,Cytoplasmic,0,0,0,0,0,0,1,1,0.045359222,0.370400558,0.122459918,441.4043,286.5957,0.01007182,0.01561215,0.006474586,100,0.997796577,0,1,0,0,0,No,0.414714565
3266218,3266670,3266218 - 3266670,-,WP_010886603.1,B4U62_RS17220,WP_010886603.1, type VII secretion protein EssA,essA,452,5.767741935,4.438709677,1.329032258,-1.168276704,-1.978598712,-2.0476262,0.012760491,NA,1.222222222,-0.222222222,-0.039473684,1,2,6,11,27,0,0,0,1,0,1,1,CytoplasmicMembrane,0,0,0,0,1,0,0,0,0.038181099,0.354561915,0.107685279,282.7198,169.2802,0.013140694,0.027002345,0.004840946,96.77419355,0.971066781,0,1,0,0,0,No,0.179278726
3266705,3269932,3266705 - 3269932,-,WP_003244105.1,B4U62_RS17225,WP_003244105.1, type VII secretion protein EsaA,yueB,3227,21.49677419,19.01935484,2.477419355,-1.355285746,-2.108381498,-2.127957128,0.006661535,NA,1.571428571,-0.571428571,-0.056470588,0.770584898,3,22,24,112,0,0,0,1,0,1,1,CytoplasmicMembrane,0,0,0,0,1,0,0,0,0.011061509,0.193724445,0.057099188,1934.559,1292.441,0.008494609,0.018765239,0.001633002,100,0.784207432,0,1,0,0,0,No,0.087022713
3269932,3274416,3269932 - 3274416,-,WP_003243866.1,B4U62_RS17230,WP_003243866.1, type VII secretion protein EssC,essC,4484,46.86021505,39.6172043,7.243010753,-1.612963832,-2.796523941,-2.900936654,0.010450539,NA,1.34501845,-0.34501845,-0.037121588,0.799747698,4,27,54,271,0,0,0,1,0,1,1,CytoplasmicMembrane,0,0,0,0,1,0,1,0,0.017372238,0.324158387,0.053591819,2730.053,1753.947,0.010555925,0.022815237,0.00267982,100,0.990016387,0,1,0,0,0,No,0.117457469
3274480,3275832,3274480 - 3275832,-,WP_003243575.1,B4U62_RS17235,WP_003243575.1, type VII secretion protein EssB,essB,1352,9.251612903,7.303225806,1.948387097,-2.054273834,-3.672983628,-3.817115331,0.006842909,NA,0.039812646,0.960187354,0.657051282,0.000418277,7,1,17,61,0,0,0,1,0,1,1,CytoplasmicMembrane,0,0,0,0,1,0,0,0,0.02493161,0.22612135,0.110257654,827.9967,524.0033,0.006912634,0.014079379,0.002377111,100,0.98991341,0,1,0,0,0,No,0.168836353
3275850,3276086,3275850 - 3276086,-,WP_003228763.1,B4U62_RS17240,WP_003228763.1, ESX secretion system protein YukD,yukD,236,0.817204301,0.559139785,0.258064516,-1.96577574,-2.360508858,-2.155754158,0.00346273,NA,0,1,0.555555556,1,1,0,4,5,0,0,0,1,0,1,1,Cytoplasmic,0,0,0,0,1,0,0,0,0.028768919,0.115612216,0.248839784,145.3524,90.6476,0.00346273,0.00616828,0.00177544,96.77419355,1,0,1,0,0,0,No,0.287833886
3276159,3276449,3276159 - 3276449,-,WP_003220661.1,B4U62_RS17245,WP_003220661.1, WXG100 family type VII secretion target,yukE,290,0.064516129,0.064516129,0,-1.144731055,-1.712640585,-1.692960891,0.000222469,NA,NA,NA,0,1,0,3,0,1,0,0,0,1,0,1,1,Extracellular,1,0,1,1,0,0,0,0,0,0.059759292,0,168.9533,121.0467,0.000225137,0.000539377,0,96.77419355,0.988150097,0,1,0,0,0,No,0
3344128,3344991,3344128 - 3344991,+,WP_009968119.1,B4U62_RS17565,WP_009968119.1, ribonuclease,bsnA,863,11.42795699,8.550537634,2.877419355,-1.410510414,-2.425818726,-2.513973836,0.013242129,NA,0,1,0.708860759,0.3,1,0,23,56,0,0,0,1,0,1,1,Extracellular,1,0,1,0,0,0,0,0,0.040357946,0.288640122,0.139820984,568.1382,294.8618,0.013273736,0.029067675,0.005076736,100,0.997618784,0,1,0,0,0,No,0.17465229
3365087,3365404,3365087 - 3365404,-,WP_003228585.1,B4U62_RS17695,WP_003228585.1, thioredoxin family protein,yusE,317,1.43655914,0.769892473,0.666666667,-2.331180248,-3.856963201,-3.902864842,0.004531732,NA,NA,NA,-0.411764706,0.521052632,0,3,7,10,0,0,0,0,1,1,1,Unknown,0,0,0,0,0,0,0,0,0.024633999,0.180201778,0.13670231,194.5,122.5,0.004629904,0.006420986,0.003501845,96.77419355,0.9787961,0,0,0,0,0,No,0.545374963
3510794,3512482,3510794 - 3512482,+,WP_003228275.1,B4U62_RS18450,WP_003228275.1, L-lactate permease LutP,lutP,1688,23.72043011,18.88172043,4.838709677,-0.643427669,-1.629679467,-1.871087492,0.014052388,NA,1.2825,-0.2825,-0.038685382,0.786046601,4,19,27,100,0,1,0,0,0,1,1,CytoplasmicMembrane,0,0,0,0,0,0,0,0,0.026040484,0.310295435,0.083921583,1102.266,585.734,0.014281371,0.032761283,0.004461315,100,0.983966294,0,0,0,0,0,No,0.136176443
3514132,3515097,3514132 - 3515097,-,WP_003228270.1,B4U62_RS18465,WP_003228270.1, polysaccharide pyruvyl transferase family protein,epsO,965,15.51827957,11.07096774,4.447311828,-0.850006753,-1.919063008,-2.140688794,0.016081119,NA,0.964285714,0.035714286,0.008032129,1,3,6,27,56,1,1,0,0,0,1,1,Unknown,0,0,0,0,1,0,0,0,0.04185257,0.284489768,0.147114498,592.5762,372.4238,0.016135371,0.029827087,0.007530366,100,0.996637706,0,1,1,1,0,Yes,0.252467363
3515079,3516242,3515079 - 3516242,-,WP_009968194.1,B4U62_RS18470,WP_009968194.1, aminotransferase class I/II-fold pyridoxal phosphate-dependent enzyme,epsN,1163,15.73333333,9.952688172,5.780645161,-0.771575971,-1.571806511,-1.725508627,0.013528232,NA,0.939393939,0.060606061,0.013745704,1,5,10,31,66,1,1,0,0,0,1,1,Cytoplasmic,0,0,0,0,0,0,0,0,0.042661909,0.303635496,0.140503695,720.1114,442.8886,0.013738619,0.022821698,0.008152272,100,0.984686406,0,0,1,1,0,Yes,0.357215839
3516250,3516897,3516250 - 3516897,-,WP_003228268.1,B4U62_RS18475,WP_003228268.1, acetyltransferase,epsM,647,13.01505376,7.840860215,5.174193548,-0.654187761,-1.32321588,-1.458616231,0.020116003,NA,0.722222222,0.277777778,0.078247261,0.72179319,4,5,26,45,1,1,0,0,0,1,1,Unknown,0,0,0,0,0,0,0,0,0.069877287,0.327060963,0.213652177,405.809,241.191,0.020236332,0.032703386,0.012826587,100,0.994053813,0,0,1,1,0,Yes,0.392209755
3516897,3517502,3516897 - 3517502,-,WP_003243002.1,B4U62_RS18480,WP_003243002.1, sugar transferase,epsL,605,7.204301075,5.617204301,1.587096774,-1.156080708,-2.204505936,-2.35040793,0.011907936,NA,0.972222222,0.027777778,0.003875969,1,1,5,7,36,1,1,0,0,0,1,1,CytoplasmicMembrane,0,0,0,0,1,0,0,0,0.016445475,0.303175595,0.05424406,369.4077,235.5923,0.011939557,0.023906217,0.004307737,100,0.997351558,0,1,1,1,0,Yes,0.180193169
3520047,3521120,3520047 - 3521120,-,WP_003228262.1,B4U62_RS18495,WP_003228262.1, polysaccharide pyruvyl transferase family protein,epsI,1073,15.04516129,9.002150538,6.043010753,-1.688815699,-2.991424569,-3.114113465,0.014021586,NA,NA,NA,-0.320754717,0.032139561,0,11,34,72,1,1,0,0,0,1,1,Cytoplasmic,0,0,0,0,0,0,0,0,0.044047426,0.391055942,0.112637147,667.4467,405.5533,0.014130782,0.022370073,0.009124432,100,0.992272442,0,0,1,1,0,Yes,0.40788566
3521128,3522159,3521128 - 3522159,-,WP_003243644.1,B4U62_RS18500,WP_003243644.1, glycosyltransferase,epsH,1031,14.48602151,10.93763441,3.548387097,-1.645240993,-3.082134182,-3.255861561,0.014050457,NA,1.405405405,-0.405405405,-0.06,0.778490667,4,16,26,74,1,1,0,0,0,1,1,CytoplasmicMembrane,0,0,0,0,1,1,0,0,0.04141245,0.48875095,0.084731191,637.2533,393.7467,0.014154126,0.02798331,0.005609337,100,0.992675706,0,1,1,1,0,Yes,0.200452949
3522187,3523287,3522187 - 3523287,-,WP_003228259.1,B4U62_RS18505,WP_003228259.1, biofilm exopolysaccharide biosynthesis protein EpsG,epsG,1100,14.84731183,13.22580645,1.621505376,-1.400227948,-2.949347837,-3.208719695,0.013497556,NA,1.789473684,-0.789473684,-0.071684588,1,1,8,17,76,1,1,0,0,0,1,1,CytoplasmicMembrane,0,0,0,0,1,0,0,0,0.022033654,0.378273018,0.05824802,676.1977,423.8023,0.013524824,0.031270536,0.00240282,100,0.997983868,0,1,1,1,0,Yes,0.076839745
3523287,3524438,3523287 - 3524438,-,WP_003228257.1,B4U62_RS18510,WP_003228257.1, glycosyltransferase family 1 protein,epsF,1151,17.5655914,13.42365591,4.141935484,-1.401548671,-2.161871321,-2.173613731,0.015261157,NA,NA,NA,-0.247787611,1,0,3,28,85,1,1,0,0,0,1,1,CytoplasmicMembrane,0,0,0,0,1,1,0,0,0.034941298,0.332220664,0.10517497,714.9731,436.0269,0.015316339,0.030897622,0.005814082,100,0.996397155,0,1,1,1,0,Yes,0.188172475
3524434,3525267,3524434 - 3525267,-,WP_003244557.1,B4U62_RS18515,WP_003244557.1, glycosyltransferase EpsE,epsE,833,7.896774194,6.756989247,1.139784946,-1.838258101,-2.896416473,-2.908847204,0.009479921,NA,0.169811321,0.830188679,0.35483871,0.126373626,2,2,9,53,1,1,0,0,0,1,1,CytoplasmicMembrane,0,0,0,0,0,1,0,0,0.01746236,0.288892398,0.060445896,512.5826,320.4174,0.009479921,0.021088085,0.002223612,100,1,0,0,1,1,0,Yes,0.105443998
3525267,3526409,3525267 - 3526409,-,WP_003242735.1,B4U62_RS18520,WP_003242735.1, glycosyltransferase family 4 protein,epsD,1142,12.36129032,8.206451613,4.15483871,-1.068384161,-1.190704232,-1.071073439,0.010824247,NA,NA,NA,-0.392857143,0.285485164,0,3,33,51,1,1,0,0,0,1,1,Cytoplasmic,0,0,0,0,0,1,0,0,0.041759858,0.168064714,0.248474868,721.6981,420.3019,0.010961864,0.019773374,0.005830225,100,0.987445816,0,0,1,1,0,Yes,0.29485231
3526424,3528241,3526424 - 3528241,-,WP_019712407.1,B4U62_RS18525,WP_017695200.1, polysaccharide biosynthesis protein,epsC,1817,22.05591398,18.23655914,3.819354839,-1.814229072,-3.048549412,-3.125152734,0.012138643,NA,2.447552448,-1.447552448,-0.082142857,0.699155124,1,14,25,143,1,1,0,0,0,1,1,CytoplasmicMembrane,0,0,0,0,1,0,0,0,0.018392877,0.40163738,0.045794735,1139.767,677.233,0.012209585,0.027085419,0.00337058,100,0.994189648,0,1,1,1,0,Yes,0.124442601
3528479,3529159,3528479 - 3529159,-,WP_003228249.1,B4U62_RS18530,WP_003228249.1, protein tyrosine kinase EpsB,epsB,680,4.124731183,3.866666667,0.258064516,-1.922037426,-3.54268573,-3.705578378,0.006065781,NA,0.344827586,0.655172414,0.164502165,0.278622752,2,5,4,29,1,1,0,0,0,1,1,CytoplasmicMembrane,0,1,1,1,1,0,0,0,0.011245717,0.187078267,0.060112363,406,274,0.006138151,0.01428029,0.00064321,100,0.988209771,0,1,1,1,0,Yes,0.045041802
3529168,3529869,3529168 - 3529869,-,WP_003228247.1,B4U62_RS18535,WP_003228247.1, hypothetical protein,epsA,701,6.279569892,5.410752688,0.868817204,-1.240802124,-2.272349826,-2.394877969,0.008958017,NA,0.465517241,0.534482759,0.163157895,0.589070412,2,3,9,29,1,1,0,0,0,1,1,CytoplasmicMembrane,0,0,0,0,1,0,0,0,0.020220485,0.204883621,0.098692543,429.6942,271.3058,0.009157037,0.020386455,0.002066865,100,0.978265845,0,1,1,1,0,Yes,0.101384228
3530115,3530570,3530115 - 3530570,+,WP_003242589.1,B4U62_RS18540,WP_003242589.1, transcriptional regulator SlrR,slrR,455,5.922580645,4.701075269,1.221505376,-1.247229074,-2.441358078,-2.611277754,0.013016661,NA,NA,NA,-0.216216216,1,0,3,8,29,0,1,0,0,0,1,1,Cytoplasmic,0,0,0,0,1,0,0,0,0.018848836,0.336810865,0.055962672,292.6273,162.3727,0.013142274,0.02923177,0.004214553,96.77419355,0.990442055,0,1,1,0,0,No,0.14417714
3530649,3532115,3530649 - 3532115,+,WP_003243926.1,B4U62_RS18545,WP_003243926.1, para-nitrobenzyl esterase,pnbA,1466,31.47956989,22.02580645,9.453763441,-0.314011864,-0.809836983,-0.966092478,0.021473104,NA,0.326388889,0.673611111,0.271328671,0.095580578,6,4,47,96,0,1,0,0,0,1,1,Cytoplasmic,0,0,0,0,0,0,0,0,0.048786988,0.3131734,0.155782667,950.2547,515.7453,0.022154712,0.044062368,0.010264457,100,0.969234148,0,0,0,0,0,No,0.232952913
3536026,3537444,3536026 - 3537444,+,WP_001022105.1,B4U62_RS18580,WP_001022105.1, levansucrase,sacB,1418,14.09032258,13.01075269,1.079569892,-1.522312266,-2.997854918,-3.208719695,0.009936758,NA,1.4,-0.4,-0.037825059,1,1,8,14,80,0,0,0,1,0,1,1,Extracellular,1,0,1,0,0,1,0,0,0.015036857,0.29221571,0.05145807,931.9772,486.0228,0.01000279,0.026947731,0.001166063,100,0.993398665,0,1,1,0,0,No,0.043271287
3559996,3561585,3559996 - 3561585,-,WP_003244488.1,B4U62_RS18690,WP_003244488.1, SulP family inorganic anion transporter,yvdB,1589,25.13978495,23.76774194,1.372043011,-0.393627973,-1.885186144,-2.338020113,0.015821136,NA,0.466666667,0.533333333,0.102637206,0.186654788,5,18,14,108,0,0,0,1,0,1,1,CytoplasmicMembrane,0,0,0,0,0,0,0,0,0.016164253,0.365592679,0.04421383,987.2104,601.7896,0.015831395,0.039520712,0.001390719,100,0.999352003,0,0,0,0,0,No,0.035189624
3561607,3562197,3561607 - 3562197,-,WP_010886620.1,B4U62_RS18695,WP_010886620.1, carbonic anhydrase,yvdA,590,5.43655914,4.253763441,1.182795699,-1.724984107,-2.759408049,-2.785523221,0.009214507,NA,0.5,0.5,0.15,0.598420774,2,3,11,33,0,0,0,1,0,1,1,Cytoplasmic,0,0,0,0,0,0,0,0,0.027288937,0.271186908,0.100627783,367.0435,222.9565,0.009268364,0.019190406,0.003241329,100,0.994189206,0,0,0,0,0,No,0.168903618
3580069,3581976,3580069 - 3581976,-,WP_003242583.1,B4U62_RS18785,WP_003242583.1, hypothetical protein,yvcB,1907,10.83870968,7.389247312,3.449462366,-1.04027481,-1.598008412,-1.619204815,0.005683644,NA,0.714285714,0.285714286,0.077419355,1,2,3,20,42,0,0,0,1,0,1,1,Cytoplasmic,0,0,0,0,0,0,0,0,0.015475856,0.109570959,0.141240489,1170.85,736.15,0.007102427,0.012543357,0.003681544,100,0.800239713,0,0,0,0,0,No,0.293505479
3581981,3582703,3581981 - 3582703,-,WP_003244157.1,B4U62_RS18790,WP_003244157.1, lipoprotein,yvcA,722,5.010752688,3.415053763,1.595698925,-0.921156742,0.066158271,0.48629509,0.006940101,NA,NA,NA,NA,1,0,0,8,19,0,0,0,1,0,1,1,Unknown,0,0,0,0,0,0,0,0,0.013554824,0.153471322,0.088321544,449.4539,272.5461,0.009488149,0.017130628,0.004853796,100,0.731449387,0,0,0,0,0,No,0.283340225
3590616,3591278,3590616 - 3591278,+,WP_003242578.1,B4U62_RS18840,WP_003242578.1, pectate/pectin lyase PelC,pelC,662,11.67741935,10.07311828,1.604301075,0.221896073,-1.041560861,-1.533749163,0.017639606,NA,0.279069767,0.720930233,0.210884354,0.206300692,2,4,6,43,0,0,0,1,0,1,1,Extracellular,1,0,1,1,0,1,0,0,0.016907738,0.351798807,0.048060818,438,224,0.017721148,0.045177155,0.00367972,100,0.995398623,0,1,1,0,0,No,0.081450901
3615806,3618298,3615806 - 3618298,+,WP_003243243.1,B4U62_RS18960,WP_003243243.1, phosphotransferase,yvkC,2492,20.51182796,14.38709677,6.124731183,-1.336073754,-2.269103426,-2.349471863,0.008231071,NA,0.434210526,0.565789474,0.181052632,0.101308674,8,11,36,114,0,0,0,1,0,1,1,Cytoplasmic,0,0,0,0,0,0,0,0,0.023516348,0.231013923,0.101796235,1621.638,870.362,0.008328373,0.016725421,0.003821527,100,0.98831679,0,0,0,0,0,No,0.228486147
3618377,3618943,3618377 - 3618943,+,WP_003244088.1,B4U62_RS18965,WP_003244088.1, TetR/AcrR family transcriptional regulator,yvkB,566,5.113978495,3.539784946,1.574193548,-1.688237584,-2.864268135,-2.940366198,0.009035298,NA,3,-2,-0.175,0.4184396,1,7,12,28,0,0,0,1,0,1,1,Cytoplasmic,0,0,0,0,0,0,0,0,0.033750636,0.266190189,0.126791435,365,201,0.009121505,0.0177789,0.004354009,100,0.990548955,0,0,0,0,0,No,0.244897547
3618977,3620308,3618977 - 3620308,+,WP_003242625.1,B4U62_RS18970,WP_003242625.1, MFS transporter,yvkA,1331,12.18494624,9.858064516,2.32688172,-1.85081923,-3.326209792,-3.468771976,0.00915473,NA,1,0,0,1,4,16,18,72,0,0,0,1,0,1,1,CytoplasmicMembrane,0,0,0,0,0,0,0,0,0.024203777,0.292555183,0.082732346,866.9506,464.0494,0.009185137,0.021314125,0.002692899,100,0.996689619,0,0,0,0,0,No,0.126343399
3620362,3621552,3620362 - 3621552,-,WP_003242631.1,B4U62_RS18975,WP_003242631.1, cell division topological determinant MinJ,minJ,1190,12.27956989,9.849462366,2.430107527,-1.877171348,-3.196517665,-3.284667998,0.010318966,NA,1.24,-0.24,-0.04245283,1,2,6,31,75,0,0,0,1,0,1,1,CytoplasmicMembrane,0,0,0,0,0,0,0,0,0.039128046,0.279006776,0.140240485,731.2035,458.7965,0.010373617,0.02158174,0.003341037,100,0.994731723,0,0,0,0,0,No,0.154808509
3621634,3621984,3621634 - 3621984,-,WP_015251121.1,B4U62_RS18980,WP_015251121.1, swarming motility protein SwrAA,swrA,350,0.903225806,0.903225806,0,-2.460421447,-4.26525366,-4.363856816,0.002580645,NA,NA,NA,0,1,0,1,0,13,0,0,0,1,0,1,1,Unknown,0,0,0,0,1,0,0,0,0,0.137721515,0,208.1718,141.8282,0.002580645,0.00636845,0,100,1,0,1,0,0,0,No,0
3697680,3697844,3697680 - 3697844,-,WP_003227896.1,B4U62_RS19330,WP_003227896.1, extrachromosomal elements maintenance protein EdmS,edmS,164,1.750537634,1.212903226,0.537634409,-0.945372648,-1.331551976,-1.311331384,0.01067401,NA,0,1,0.5,1,1,0,5,5,0,0,0,1,0,1,1,Unknown,0,0,0,0,0,0,0,0,0.050421242,0.117184431,0.430272532,102.5,61.5,0.01067606,0.019725791,0.005246221,93.5483871,0.999807987,0,0,0,0,0,No,0.265957446
3699023,3699469,3699023 - 3699469,-,WP_003227889.1,B4U62_RS19340,WP_003227889.1, capsular polyglutamate amide ligase/translocase PgsC,pgsC,446,4.503225806,4.503225806,0,-0.99218166,-2.259182337,-2.495757682,0.010096919,NA,NA,NA,0,1,0,1,0,25,0,0,0,1,0,1,1,CytoplasmicMembrane,0,1,1,1,1,0,0,0,0,0.236417055,0,259.0845,186.9155,0.01012741,0.024165063,0,100,0.996989248,0,1,0,0,0,No,0
3699487,3700665,3699487 - 3700665,-,WP_003227883.1,B4U62_RS19345,WP_003227883.1, poly-gamma-glutamate synthase PgsB,pgsB,1178,4.434408602,4.240860215,0.193548387,-1.949104015,-3.941625156,-4.213172066,0.003764354,NA,NA,NA,-0.081081081,0.547963801,0,15,3,34,1,0,0,1,0,1,1,CytoplasmicMembrane,0,1,1,1,1,0,0,0,0.003601196,0.181022521,0.019893636,733.933,444.067,0.003770528,0.009565709,0.000264147,100,0.998362535,0,1,0,0,0,No,0.027613949
3724461,3725174,3724461 - 3725174,-,WP_003243213.1,B4U62_RS19485,WP_003243213.1, endonuclease V,nfi,713,4.864516129,3.225806452,1.638709677,0.272585805,-0.214837503,-0.462448766,0.006822603,NA,NA,NA,NA,1,0,0,6,12,0,0,0,1,0,1,1,Cytoplasmic,0,0,0,0,0,0,0,0,0.012618872,0.056363662,0.223883116,448.831,264.169,0.007713755,0.013806138,0.004127955,93.5483871,0.884472347,0,0,0,0,0,No,0.298994186
3725641,3727446,3725641 - 3727446,-,WP_003243987.1,B4U62_RS19495,WP_003243987.1, ribonuclease YeeF family protein,rttN,1805,20.08172043,17.69892473,2.382795699,-0.25412639,-0.950874578,-1.180122751,0.011125607,NA,NA,NA,-0.168539326,0.347001942,0,9,15,74,0,0,0,1,0,1,1,Cytoplasmic,0,0,0,0,0,0,0,0,0.01149224,0.220239053,0.052180755,1122.581,682.419,0.014864625,0.034651817,0.002835955,100,0.748462003,0,0,0,0,0,No,0.081841451
3727468,3727725,3727468 - 3727725,-,WP_003221757.1,B4U62_RS19500,WP_003221757.1, YwqI/YxiC family protein,ywqI,257,8.15483871,5.948387097,2.206451613,0.308747534,-0.394686545,-0.725282483,0.03173089,NA,NA,NA,-0.275862069,1,0,2,8,21,0,0,0,1,0,1,1,Unknown,0,0,0,0,0,0,0,0,0.042359243,0.505098843,0.083863275,162.1123,94.8877,0.031809519,0.062844049,0.013644364,96.77419355,0.997528119,0,0,0,0,0,No,0.217114655
3727738,3728157,3727738 - 3728157,-,WP_003242741.1,B4U62_RS19505,WP_003242741.1, DUF5082 family protein,ywqH,419,3.952688172,3.243010753,0.709677419,-0.986819888,-1.527079436,-1.548099403,0.009433623,NA,NA,NA,NA,1,0,0,5,17,0,0,0,1,0,1,1,Cytoplasmic,0,0,0,0,0,0,0,0,0.011578763,0.234356963,0.049406523,268.856,150.144,0.011544853,0.026433234,0.003230362,100,0.817128032,0,0,0,0,0,No,0.122208353
3774443,3774601,3774443 - 3774601,-,WP_003227706.1,B4U62_RS19790,WP_003227706.1, hypothetical protein,ywmE,158,2.567741935,1.393548387,1.174193548,-1.584275105,-2.614723753,-2.661652045,0.016251531,NA,NA,NA,NA,1,0,0,10,9,0,0,0,1,0,1,1,CytoplasmicMembrane,0,0,0,0,0,0,0,0,0.099174596,0.239297612,0.414440392,95.92729,62.07271,0.016306731,0.022526513,0.01228203,96.77419355,0.996614894,0,0,0,0,0,No,0.54522553
3774698,3775369,3774698 - 3775369,-,WP_003243553.1,B4U62_RS19795,WP_003243553.1, VWA domain-containing protein,ywmD,671,6.761290323,6.206451613,0.55483871,-0.984082816,-1.825570995,-1.94190092,0.010076439,NA,0.558139535,0.441860465,0.093137255,0.612619202,2,6,8,43,0,0,0,1,0,1,1,Unknown,0,0,0,0,0,0,0,0,0.019864418,0.316669359,0.062729206,423.2891,247.7109,0.010119965,0.025163452,0.001316442,100,0.995698926,0,0,0,0,0,No,0.052315636
3775696,3776376,3775696 - 3776376,-,WP_003227700.1,B4U62_RS19805,WP_003227700.1, VWA domain-containing protein,ywmC,680,4.967741935,3.815053763,1.152688172,-1.892545555,-3.475539495,-3.635024871,0.007305503,NA,NA,NA,-0.243902439,0.174349475,0,9,10,31,0,0,0,1,0,1,1,CytoplasmicMembrane,0,0,0,0,0,0,0,0,0.019067986,0.254203412,0.075010741,411.1247,268.8753,0.00730895,0.014195628,0.002805066,100,0.99952839,0,0,0,0,0,No,0.197600698
3798829,3799380,3798829 - 3799380,+,WP_003227642.1,B4U62_RS19950,WP_003227642.1, chromosome-anchoring protein RacA,racA,551,6.787096774,4.193548387,2.593548387,-2.133201689,-3.658131698,-3.754821893,0.01231778,NA,0.94017094,0.05982906,0.014344262,1,3,5,22,39,0,0,0,0,1,1,1,Cytoplasmic,0,0,0,0,0,0,0,0,0.065825578,0.336695067,0.195505026,352.1427,198.8573,0.012385448,0.021204079,0.00740551,100,0.994536471,0,0,0,0,0,No,0.349249312
3809593,3809964,3809593 - 3809964,-,WP_003227621.1,B4U62_RS20000,WP_003227621.1, sporulation initiation phosphotransferase Spo0F,spo0F,371,2.808602151,2.808602151,0,-2.081828435,-3.399024561,-3.435929472,0.007570356,NA,NA,NA,0,1,0,2,0,26,0,0,0,0,1,1,1,Cytoplasmic,0,0,0,1,1,0,0,0,0,0.448640863,0,232.3046,138.6954,0.007596495,0.020320065,0,100,0.996559139,0,1,0,0,0,No,0
3846041,3847183,3846041 - 3847183,+,WP_003227549.1,B4U62_RS20175,WP_003227549.1, response regulator aspartate phosphatase RapF,rapF,1142,12.65806452,8.141935484,4.516129032,-2.151589126,-3.75171297,-3.872044572,0.01108412,NA,NA,NA,-0.294642857,0.319703571,0,5,33,79,0,1,0,0,0,1,1,Cytoplasmic,0,0,0,0,0,0,0,0,0.03777205,0.420070316,0.089918397,733.3836,408.6164,0.01161645,0.020882577,0.006453679,100,0.954174403,0,0,0,0,0,No,0.309046101
3847170,3847286,3847170 - 3847286,+,WP_009968329.1,B4U62_RS20180,WP_009968329.1, phosphatase RapF inhibitor PhrF,phrF,116,0.795698925,0.313978495,0.48172043,-1.330998039,-0.092704699,0.430942045,0.006859473,NA,NA,NA,NA,1,0,0,5,4,0,1,1,0,0,1,1,Unknown,0,0,0,0,0,0,0,0,0.071074881,0.090392451,0.786292224,75.1382,40.8618,0.0072554,0.008127425,0.006781173,87.09677419,0.945430106,0,0,0,0,0,No,0.834356884
3868330,3869526,3868330 - 3869526,-,WP_003242568.1,B4U62_RS20295,WP_003242568.1, transaminase BacF,bacF,1196,16.8172043,13.1311828,3.686021505,-0.992229118,-2.354774182,-2.640071629,0.014061208,NA,2.1875,-1.1875,-0.113095238,0.519448215,2,14,25,80,0,0,1,1,0,1,1,Cytoplasmic,0,0,0,0,0,0,1,0,0.030125601,0.375406567,0.080247933,728.1886,467.8114,0.01414333,0.02823333,0.005091468,100,0.994193548,0,0,1,0,0,No,0.18033537
3869530,3870711,3869530 - 3870711,-,WP_003244502.1,B4U62_RS20300,WP_003244502.1, bacilysin exporter BacE,bacE,1181,13.99569892,11.9483871,2.047311828,-0.756667875,-1.433018322,-1.550317141,0.011850719,NA,NA,NA,-0.189873418,0.204585587,0,12,15,64,0,0,1,1,0,1,1,CytoplasmicMembrane,0,0,0,0,0,0,1,0,0.019272367,0.25550306,0.075429104,714.615,466.385,0.012241266,0.026463444,0.002959331,100,0.968095819,0,0,1,0,0,No,0.11182713
3870711,3872126,3870711 - 3872126,-,WP_003242921.1,B4U62_RS20305,WP_003242921.1, alanine--anticapsin ligase,bacD,1415,18.0688172,15.98709677,2.08172043,-1.238818513,-2.688067509,-2.950765504,0.012769482,NA,1.357142857,-0.357142857,-0.029761905,1,2,19,13,91,0,0,1,1,0,1,1,Cytoplasmic,0,0,0,0,0,0,1,0,0.013464721,0.371669936,0.036227631,869.013,545.987,0.012844309,0.029452677,0.002409537,96.77419355,0.994174303,1,0,1,0,0,No,0.081810458
3872148,3872906,3872148 - 3872906,-,WP_003243359.1,B4U62_RS20310,WP_003243359.1, dihydroanticapsin 7-dehydrogenase,bacC,758,10.33548387,7.931182796,2.404301075,-1.404621735,-2.513317732,-2.631100639,0.013635203,NA,0.415384615,0.584615385,0.197402597,0.278195308,5,6,18,52,0,0,0,1,0,1,1,Cytoplasmic,0,0,0,0,0,0,1,0,0.040585371,0.37925452,0.107013546,471.8131,286.1869,0.013687895,0.027820393,0.005115569,96.77419355,0.996150483,0,0,1,0,0,No,0.183878387
3872912,3873616,3872912 - 3873616,-,WP_003244300.1,B4U62_RS20315,WP_003244300.1," 3-((4R)-4-hydroxycyclohexa-1,5-dien-1-yl)-2-oxopropanoate isomerase",bacB,704,5.961290323,5.535483871,0.425806452,-1.231598019,-2.288907398,-2.420511045,0.008467742,NA,1.2,-0.2,-0.013986014,1,1,12,4,40,0,0,1,1,0,1,1,Cytoplasmic,0,0,0,0,0,0,1,0,0.01002049,0.329146546,0.030443856,441.9591,262.0409,0.008498551,0.021201363,0.000966958,96.77419355,0.996374763,0,0,1,0,0,No,0.045608294
3873609,3874220,3873609 - 3874220,-,WP_009968341.1,B4U62_RS20320,WP_009968341.1, prephenate decarboxylase,bacA,611,2.864516129,2.477419355,0.387096774,-2.362954522,-3.946560239,-4.009035081,0.004688242,NA,NA,NA,-0.212121212,0.567945178,0,6,7,26,0,0,1,1,0,1,1,Cytoplasmic,0,0,0,0,0,0,1,0,0.014030898,0.232731634,0.060287884,361.6983,249.3017,0.00470226,0.009967147,0.00107342,96.77419355,0.99701897,0,0,1,0,0,No,0.107695813
3882234,3882695,3882234 - 3882695,-,WP_003242493.1,B4U62_RS20350,WP_003242493.1, biofilm-surface layer protein BslB,bslB,461,4.890322581,3.307526882,1.582795699,-0.882670515,-1.517719283,-1.588714363,0.010608075,NA,NA,NA,-0.310344828,1,0,1,9,20,0,1,0,0,0,1,1,Unknown,0,0,1,1,0,0,0,0,0.028056265,0.181361049,0.154698405,264.2995,196.7005,0.010720373,0.016993046,0.006052041,96.77419355,0.9895248,0,0,1,1,0,Yes,0.356148097
3906185,3907012,3906185 - 3907012,-,WP_003243088.1,B4U62_RS20490,WP_003243088.1, sac operon transcriptional antiterminator SacT,sacT,827,4.184946237,3.182795699,1.002150538,-1.998088826,-3.504089863,-3.617611015,0.005060394,NA,1.428571429,-0.428571429,-0.055555556,1,1,5,8,28,0,0,0,1,0,1,1,Cytoplasmic,0,0,0,0,0,0,0,0,0.014961087,0.149339523,0.100181697,528.0844,298.9156,0.005084275,0.010698056,0.001906665,100,0.995302977,0,0,0,0,0,No,0.178225371
3907055,3907354,3907055 - 3907354,-,WP_003222155.1,B4U62_RS20495,WP_003222155.1, hypothetical protein,ywcI,299,1.320430108,1.255913978,0.064516129,-1.485649353,-2.377487849,-2.398028767,0.004416154,NA,NA,NA,-0.1,1,0,1,1,9,0,0,0,1,0,1,1,Unknown,0,0,0,0,0,0,0,0,0.0039585,0.12959717,0.030544645,187.5,111.5,0.004466078,0.011391139,0.000347976,100,0.988821461,0,0,0,0,0,No,0.030547955
3907884,3910301,3907884 - 3910301,+,WP_003227419.1,B4U62_RS20500,WP_003227419.1, serine protease Vpr,vpr,2417,26.20645161,21.04086022,5.165591398,-1.006223012,-1.614581905,-1.661585762,0.010842553,NA,0.704225352,0.295774648,0.061519146,0.450557657,7,20,35,142,0,0,0,1,0,1,1,Extracellular,1,0,1,0,0,0,0,0,0.024325139,0.30732798,0.079150419,1599.409,817.591,0.010922158,0.025924135,0.0032534,100,0.992711623,0,1,1,0,0,No,0.125496955
3948594,3949958,3948594 - 3949958,+,WP_003242515.1,B4U62_RS20695,WP_003242515.1, aminopeptidase YwaD,ywaD,1364,16.80860215,12.71827957,4.090322581,-0.439063896,-0.885143871,-0.996765755,0.012323022,NA,0.90625,0.09375,0.021505376,1,5,10,29,64,0,0,0,1,0,1,1,Extracellular,1,0,1,0,0,0,0,0,0.034484033,0.249161557,0.138400295,890,474,0.012442139,0.027091175,0.004640293,100,0.990426332,0,1,1,0,0,No,0.171284302
4011884,4012609,4011884 - 4012609,-,WP_003244531.1,B4U62_RS21005,WP_003244531.1, beta-glucanase,bglS,725,7.2,4.774193548,2.425806452,-1.8474971,-2.819372853,-2.80284607,0.009931034,NA,NA,NA,NA,1,0,0,17,41,0,0,0,1,0,1,1,Extracellular,1,0,1,0,0,1,0,0,0.031570006,0.266606858,0.118414081,447.6024,277.3976,0.00996543,0.01727026,0.005438327,100,0.996548519,0,1,0,0,0,No,0.314895491
4036826,4038532,4036826 - 4038532,-,WP_003244234.1,B4U62_RS21125,WP_003244234.1, ribonuclease YxiD,yxiD,1706,13.76774194,9.896774194,3.870967742,-0.253097713,-0.121008274,-0.090178294,0.008070189,NA,NA,NA,-0.3,1,0,2,18,42,0,0,0,1,0,1,1,Unknown,0,0,0,0,0,0,0,0,0.014817253,0.101813907,0.145532701,1064.956,641.044,0.009417322,0.018015635,0.004241619,100,0.856951523,0,0,0,0,0,No,0.235440993
4038555,4038821,4038555 - 4038821,-,WP_003244193.1,B4U62_RS21130,WP_003244193.1, YwqI/YxiC family protein,yxiC,266,4.705376344,2.825806452,1.879569892,-1.341341015,-1.889669598,-1.844450453,0.017689385,NA,NA,NA,NA,1,0,0,11,19,0,0,0,1,0,1,1,Unknown,0,0,0,0,0,0,0,0,0.059245217,0.353771817,0.167467317,168,98,0.017691498,0.028838205,0.011189253,100,0.999880526,0,0,0,0,0,No,0.388001022
4038836,4039198,4038836 - 4039198,-,WP_009968400.1,B4U62_RS21135,WP_009968400.1, DUF5082 family protein,yxiB,362,4.894623656,3.131182796,1.76344086,-0.982364038,-1.845494073,-1.965095261,0.01352106,NA,NA,NA,NA,1,0,0,9,18,0,0,0,1,0,1,1,Cytoplasmic,0,0,0,0,0,0,0,0,0.030789633,0.24235886,0.127041498,229.25,132.75,0.013748875,0.02398448,0.007821823,96.77419355,0.983430284,0,0,0,0,0,No,0.326120183
4194428,4195780,4194428 - 4195780,+,WP_009969183.1,B4U62_RS21980,WP_009969183.1, MFS transporter,yyaJ,1352,17.75053763,14.62795699,3.122580645,-0.836881465,-1.859803015,-2.070778135,0.013129096,NA,NA,NA,NA,1,0,0,14,80,0,0,0,1,0,1,1,CytoplasmicMembrane,0,0,0,0,0,0,0,0,0.014053002,0.255770149,0.05494387,878.6667,473.3333,0.013205433,0.031083825,0.003574434,100,0.994219242,0,0,0,0,0,No,0.114993377
4195820,4196371,4195820 - 4196371,-,WP_003242928.1,B4U62_RS21985,WP_003242928.1, sugar O-acetyltransferase,maa,551,4.894623656,3.294623656,1.6,-0.653121566,-1.416328288,-1.569706838,0.008883165,NA,NA,NA,-0.25,1,0,1,6,18,0,0,0,1,0,1,1,Cytoplasmic,0,0,0,0,0,0,0,0,0.016616667,0.155403897,0.106925674,341.3704,209.6296,0.008883165,0.015716405,0.004686991,96.77419355,1,0,0,0,0,0,No,0.298222844